A,18:01:02.912934,5.03
C,18:01:03.040998,5.26
A,18:01:07.952998,5.04
A,18:01:07.996323,0.04
A,18:01:08.025495,0.03
A,18:01:08.063879,0.04
C,18:01:08.078821,5.04
A,18:01:08.101894,0.04
C,18:01:08.114442,0.04
C,18:01:08.229646,0.12
C,18:01:13.281347,5.05
C,18:01:13.364384,0.08
C,18:01:13.427429,0.06
A,18:01:13.491681,5.39
B,18:01:17.637657,2.67
B,18:01:17.804117,0.17
B,18:01:17.839798,0.04
B,18:01:17.868509,0.03
A,18:01:18.557201,5.07
C,18:01:18.712571,5.29
C,18:01:18.747807,0.04
C,18:01:18.814143,0.07
C,18:01:18.871391,0.06
B,18:01:23.354077,5.49
B,18:01:23.430634,0.08
B,18:01:23.468501,0.04
B,18:01:23.505504,0.04
A,18:01:23.589307,5.03
A,18:01:23.630310,0.04
A,18:01:23.658608,0.03
A,18:01:23.684943,0.03
A,18:01:23.712283,0.03
C,18:01:23.906686,5.04
C,18:01:23.959449,0.05
B,18:01:28.544476,5.04
A,18:01:28.747746,5.04
A,18:01:28.775915,0.03
A,18:01:28.802687,0.03
A,18:01:28.830797,0.03
A,18:01:28.877010,0.05
A,18:01:28.906009,0.03
A,18:01:28.944493,0.04
A,18:01:28.978338,0.03
C,18:01:28.994000,5.03
C,18:01:29.025365,0.03
C,18:01:29.063058,0.04
A,18:01:29.095957,0.12
A,18:01:29.128386,0.03
C,18:01:29.160507,0.10
A,18:01:29.165723,0.04
A,18:01:29.192165,0.03
A,18:01:29.227192,0.04
A,18:01:29.264231,0.04
B,18:01:32.750321,4.21
B,18:01:32.803911,0.05
B,18:01:32.864462,0.06
B,18:01:32.922953,0.06
B,18:01:33.145919,0.22
B,18:01:33.183000,0.04
A,18:01:34.331799,5.07
C,18:01:34.682387,5.52
C,18:01:34.732867,0.05
C,18:01:34.761874,0.03
B,18:01:38.676039,5.49
B,18:01:39.021780,0.35
B,18:01:39.079950,0.06
A,18:01:39.603306,5.27
A,18:01:39.630932,0.03
A,18:01:39.659058,0.03
A,18:01:39.686407,0.03
A,18:01:39.755555,0.07
C,18:01:39.793729,5.03
C,18:01:39.821952,0.03
B,18:01:44.108669,5.03
B,18:01:44.200351,0.09
B,18:01:44.275787,0.08
B,18:01:44.303055,0.03
A,18:01:45.129729,5.37
C,18:01:45.132312,5.31
A,18:01:45.159999,0.03
C,18:01:45.165718,0.03
C,18:01:45.200116,0.03
A,18:01:45.220705,0.06
C,18:01:45.255531,0.06
A,18:01:45.277806,0.06
A,18:01:50.678564,5.40
B,18:01:50.686664,6.38
A,18:01:50.708987,0.03
B,18:01:50.712544,0.03
A,18:01:50.736015,0.03
C,18:01:51.025083,5.77
C,18:01:51.052408,0.03
C,18:01:51.077733,0.03
C,18:01:56.114019,5.04
C,18:01:56.139887,0.03
A,18:01:56.186881,5.45
C,18:01:56.191069,0.05
A,18:01:56.240580,0.05
C,18:01:56.248541,0.06
B,18:01:56.250549,5.54
A,18:01:56.271269,0.03
C,18:01:56.289359,0.04
B,18:01:56.297811,0.05
C,18:01:56.315272,0.03
B,18:01:56.342780,0.04
B,18:01:56.370535,0.03
B,18:01:56.398763,0.03
A,18:01:56.617286,0.35
A,18:01:56.681112,0.06
A,18:01:56.718269,0.04
A,18:01:56.775319,0.06
A,18:01:56.806493,0.03
A,18:01:56.843876,0.04
A,18:01:56.873979,0.03
A,18:01:56.944936,0.07
A,18:01:56.977125,0.03
A,18:01:57.010832,0.03
A,18:01:57.059641,0.05
C,18:02:01.873553,5.56
C,18:02:02.055800,0.18
A,18:02:02.094822,5.04
B,18:02:02.096801,5.70
C,18:02:02.107931,0.05
A,18:02:02.137431,0.04
A,18:02:02.170621,0.03
B,18:02:02.183427,0.09
A,18:02:02.249144,0.08
A,18:02:02.284467,0.04
A,18:02:02.321802,0.04
A,18:02:02.352192,0.03
A,18:02:02.379198,0.03
A,18:02:07.418180,5.04
A,18:02:07.460054,0.04
A,18:02:07.533350,0.07
C,18:02:07.559428,5.45
B,18:02:07.563499,5.38
A,18:02:07.590075,0.06
A,18:02:07.659451,0.07
B,18:02:08.630169,1.07
B,18:02:10.699163,2.07
B,18:02:10.775190,0.08
B,18:02:10.903077,0.13
B,18:02:11.007529,0.10
B,18:02:11.148379,0.14
B,18:02:11.205337,0.06
B,18:02:11.248398,0.04
A,18:02:12.693562,5.03
A,18:02:12.724933,0.03
C,18:02:12.776878,5.22
A,18:02:18.410649,5.69
C,18:02:18.642511,5.87
A,18:02:18.711403,0.30
B,18:02:21.839861,10.59
C,18:02:23.674294,5.03
C,18:02:23.707334,0.03
C,18:02:23.737891,0.03
A,18:02:23.747817,5.04
C,18:02:23.765962,0.03
A,18:02:23.781736,0.03
A,18:02:23.839103,0.06
B,18:02:28.752345,6.91
C,18:02:28.799899,5.03
A,18:02:28.879611,5.04
A,18:02:28.906654,0.03
A,18:02:28.956857,0.05
A,18:02:28.987601,0.03
C,18:02:34.397666,5.60
C,18:02:34.605256,0.21
C,18:02:34.642253,0.04
B,18:02:34.921389,6.17
B,18:02:34.948792,0.03
B,18:02:34.980362,0.03
A,18:02:39.583236,10.60
C,18:02:39.676974,5.03
C,18:02:39.728644,0.05
C,18:02:39.753916,0.03
C,18:02:39.812020,0.06
A,18:02:39.831638,0.25
A,18:02:39.897867,0.07
A,18:02:39.937487,0.04
A,18:02:39.970695,0.03
B,18:02:40.013107,5.03
B,18:02:40.733683,0.72
B,18:02:40.759674,0.03
B,18:02:40.789797,0.03
B,18:02:40.814005,0.02
B,18:02:40.842380,0.03
B,18:02:40.867053,0.02
B,18:02:40.905013,0.04
B,18:02:40.937999,0.03
B,18:02:40.972954,0.03
B,18:02:40.998791,0.03
B,18:02:41.034689,0.04
A,18:02:45.353457,5.38
A,18:02:45.385355,0.03
C,18:02:45.961008,6.15
B,18:02:46.278805,5.24
B,18:02:46.316430,0.04
B,18:02:46.373863,0.06
B,18:02:46.423438,0.05
B,18:02:46.453372,0.03
B,18:02:46.480269,0.03
C,18:02:50.987214,5.03
B,18:02:51.510937,5.03
B,18:02:51.546833,0.04
B,18:02:51.596140,0.05
B,18:02:51.620937,0.02
A,18:02:55.851095,10.47
C,18:02:56.025793,5.04
A,18:02:56.116074,0.26
B,18:02:57.016110,5.40
C,18:03:01.064621,5.04
C,18:03:01.093245,0.03
C,18:03:01.127105,0.03
A,18:03:01.158258,5.04
B,18:03:02.050573,5.03
B,18:03:02.298653,0.25
C,18:03:06.164908,5.04
A,18:03:06.193488,5.04
A,18:03:06.234633,0.04
B,18:03:07.336925,5.04
B,18:03:07.383189,0.05
B,18:03:07.418246,0.04
B,18:03:07.460477,0.04
B,18:03:07.488400,0.03
B,18:03:07.517438,0.03
B,18:03:07.584868,0.07
C,18:03:11.205897,5.04
C,18:03:11.239524,0.03
B,18:03:12.988628,5.40
B,18:03:13.019154,0.03
B,18:03:13.054981,0.04
C,18:03:16.275125,5.04
A,18:03:16.285322,10.05
A,18:03:16.327515,0.04
B,18:03:18.140406,5.09
B,18:03:18.586238,0.45
A,18:03:22.130305,5.80
C,18:03:22.546297,6.27
C,18:03:22.656182,0.11
C,18:03:22.688583,0.03
C,18:03:22.723044,0.03
C,18:03:22.805193,0.08
A,18:03:22.876462,0.75
A,18:03:22.928563,0.05
A,18:03:22.973823,0.05
A,18:03:23.003611,0.03
B,18:03:23.633903,5.05
A,18:03:28.045244,5.04
C,18:03:28.548306,5.74
C,18:03:28.982023,0.43
B,18:03:30.217193,6.58
B,18:03:30.341590,0.12
B,18:03:30.371075,0.03
B,18:03:30.436055,0.06
B,18:03:30.468538,0.03
B,18:03:30.507025,0.04
A,18:03:33.079501,5.03
C,18:03:34.692634,5.71
C,18:03:35.124824,0.43
C,18:03:35.158388,0.03
C,18:03:35.188970,0.03
C,18:03:35.223928,0.03
C,18:03:35.250637,0.03
C,18:03:35.283429,0.03
C,18:03:35.318701,0.04
C,18:03:35.344185,0.03
C,18:03:35.373370,0.03
C,18:03:40.405523,5.03
C,18:03:40.440928,0.04
C,18:03:40.467181,0.03
B,18:03:40.550188,10.04
B,18:03:41.257037,0.71
B,18:03:41.587279,0.33
A,18:03:43.712899,10.63
C,18:03:45.860289,5.39
C,18:03:45.887438,0.03
C,18:03:45.957359,0.07
C,18:03:45.988785,0.03
C,18:03:46.025962,0.04
B,18:03:46.627483,5.04
B,18:03:48.013631,1.39
B,18:03:48.045616,0.03
C,18:03:51.391724,5.37
B,18:03:53.542197,5.50
B,18:03:53.615123,0.07
A,18:03:53.759786,10.05
A,18:03:53.792363,0.03
C,18:03:56.439643,5.05
B,18:03:58.652090,5.04
A,18:03:58.828442,5.04
C,18:04:01.506007,5.07
B,18:04:03.347107,4.70
A,18:04:03.861672,5.03
A,18:04:03.891557,0.03
C,18:04:06.656481,5.15
C,18:04:06.687017,0.03
B,18:04:08.900256,5.55
A,18:04:08.930086,5.04
B,18:04:08.952257,0.05
A,18:04:08.973665,0.04
A,18:04:09.009954,0.04
A,18:04:09.044223,0.03
A,18:04:09.102857,0.06
A,18:04:09.141122,0.04
A,18:04:09.231695,0.09
C,18:04:11.727809,5.04
B,18:04:13.990525,5.04
A,18:04:14.935354,5.70
A,18:04:15.418471,0.48
A,18:04:15.447961,0.03
A,18:04:15.472990,0.03
A,18:04:15.528108,0.06
A,18:04:15.556199,0.03
C,18:04:16.758519,5.03
C,18:04:16.792880,0.03
C,18:04:16.846831,0.05
C,18:04:16.877098,0.03
C,18:04:16.910169,0.03
C,18:04:16.967430,0.06
C,18:04:16.998398,0.03
C,18:04:17.030136,0.03
C,18:04:17.062382,0.03
C,18:04:17.095689,0.03
C,18:04:17.127002,0.03
C,18:04:17.197169,0.07
B,18:04:19.024166,5.03
B,18:04:19.055038,0.03
A,18:04:21.191414,5.64
B,18:04:24.171864,5.12
A,18:04:26.719685,5.53
C,18:04:27.245519,10.05
C,18:04:27.288346,0.04
C,18:04:27.337424,0.05
A,18:04:31.751054,5.03
A,18:04:31.801896,0.05
A,18:04:31.834863,0.03
A,18:04:31.868159,0.03
A,18:04:31.926858,0.06
C,18:04:33.072612,5.74
C,18:04:33.512039,0.44
A,18:04:37.675670,5.75
A,18:04:38.702111,1.03
C,18:04:39.107772,5.60
C,18:04:39.337705,0.23
C,18:04:39.377347,0.04
C,18:04:39.435958,0.06
A,18:04:49.149957,10.45
A,18:04:49.191310,0.04
A,18:04:49.233523,0.04
C,18:04:49.486548,10.05
C,18:04:49.523712,0.04
C,18:04:54.571280,5.05
C,18:04:54.602992,0.03
A,18:04:54.679110,5.45
A,18:05:00.403360,5.72
A,18:05:01.507171,1.10
C,18:05:01.796207,7.19
C,18:05:01.854036,0.06
A,18:05:01.877852,0.37
C,18:05:01.915927,0.06
A,18:05:06.914381,5.04
C,18:05:06.954912,5.04
A,18:05:06.988806,0.07
A,18:05:07.060703,0.07
B,18:05:08.498868,44.33
B,18:05:09.115304,0.62
C,18:05:11.996310,5.04
C,18:05:12.035274,0.04
C,18:05:12.074132,0.04
A,18:05:12.095408,5.03
A,18:05:12.120849,0.03
A,18:05:12.150038,0.03
A,18:05:12.181729,0.03
A,18:05:12.254670,0.07
B,18:05:14.150625,5.04
B,18:05:14.649431,0.50
B,18:05:16.181038,1.53
C,18:05:17.120831,5.05
A,18:05:17.295906,5.04
B,18:05:18.328514,2.15
B,18:05:18.498478,0.17
B,18:05:21.428676,2.93
C,18:05:22.205624,5.08
C,18:05:22.242474,0.04
C,18:05:22.325911,0.08
C,18:05:27.940407,5.61
C,18:05:28.175769,0.24
C,18:05:28.215618,0.04
A,18:05:28.464426,11.17
A,18:05:28.493530,0.03
A,18:05:28.523893,0.03
A,18:05:28.550646,0.03
B,18:05:31.858972,10.43
C,18:05:33.256774,5.04
B,18:05:33.289590,1.43
C,18:05:33.305309,0.05
B,18:05:33.322320,0.03
B,18:05:33.357816,0.04
A,18:05:33.593074,5.04
A,18:05:33.632172,0.04
A,18:05:38.667361,5.04
C,18:05:39.114714,5.81
C,18:05:39.837797,0.72
B,18:05:39.852515,6.49
C,18:05:39.872768,0.03
B,18:05:39.900204,0.05
C,18:05:39.906530,0.03
C,18:05:39.943750,0.04
B,18:05:39.955634,0.06
C,18:05:39.969591,0.03
B,18:05:39.981276,0.03
C,18:05:40.008437,0.04
B,18:05:40.025786,0.04
B,18:05:40.057874,0.03
A,18:05:44.136151,5.47
A,18:05:44.167528,0.03
A,18:05:44.208175,0.04
C,18:05:45.873185,5.86
C,18:05:46.308753,0.44
C,18:05:46.352033,0.04
B,18:05:46.593426,6.54
B,18:05:46.634369,0.04
B,18:05:46.672258,0.04
B,18:05:46.713783,0.04
A,18:05:49.666180,5.46
C,18:05:51.814884,5.46
C,18:05:51.849797,0.03
C,18:05:51.879041,0.03
C,18:05:51.911985,0.03
C,18:05:51.942081,0.03
B,18:05:52.126095,5.41
B,18:05:52.158074,0.03
B,18:05:52.190402,0.03
B,18:05:52.220272,0.03
B,18:05:52.251277,0.03
B,18:05:52.281276,0.03
B,18:05:52.323307,0.04
B,18:05:52.351789,0.03
B,18:05:52.380930,0.03
B,18:05:52.410698,0.03
B,18:05:52.457517,0.05
B,18:05:52.496912,0.04
A,18:05:55.197056,5.53
A,18:05:55.229788,0.03
C,18:05:57.349340,5.41
C,18:05:57.377849,0.03
B,18:05:57.536936,5.04
A,18:06:00.933790,5.70
A,18:06:01.441022,0.51
A,18:06:01.466990,0.03
A,18:06:01.490357,0.02
C,18:06:02.418264,5.04
C,18:06:02.452967,0.03
C,18:06:02.515283,0.06
C,18:06:02.549400,0.03
B,18:06:02.573267,5.04
B,18:06:02.615101,0.04
A,18:06:06.869876,5.38
A,18:06:06.898065,0.03
A,18:06:06.925725,0.03
A,18:06:06.985532,0.06
B,18:06:08.099170,5.48
C,18:06:08.460643,5.91
C,18:06:08.512700,0.05
A,18:06:12.034484,5.05
B,18:06:13.731701,5.63
C,18:06:13.937218,5.42
B,18:06:13.964994,0.23
C,18:06:13.974280,0.04
C,18:06:14.067779,0.09
C,18:06:14.101188,0.03
A,18:06:17.626665,5.59
A,18:06:17.663295,0.04
A,18:06:17.745559,0.08
A,18:06:17.822044,0.08
A,18:06:17.877998,0.06
A,18:06:17.958084,0.08
A,18:06:18.037516,0.08
B,18:06:19.007105,5.04
C,18:06:19.155333,5.05
C,18:06:19.187572,0.03
C,18:06:19.250821,0.06
B,18:06:19.253751,0.25
C,18:06:19.331862,0.08
B,18:06:19.380073,0.13
C,18:06:19.444898,0.11
B,18:06:19.458295,0.08
C,18:06:19.510065,0.07
B,18:06:19.548023,0.09
B,18:06:19.685103,0.14
B,18:06:19.748188,0.06
A,18:06:23.458606,5.42
A,18:06:23.489631,0.03
A,18:06:23.568334,0.08
A,18:06:23.617466,0.05
C,18:06:24.549231,5.04
B,18:06:24.825742,5.08
B,18:06:24.861816,0.04
B,18:06:25.008570,0.15
B,18:06:25.101538,0.09
B,18:06:25.225913,0.12
B,18:06:25.289139,0.06
B,18:06:25.418557,0.13
A,18:06:28.987401,5.37
A,18:06:29.026265,0.04
A,18:06:29.058991,0.03
B,18:06:30.844725,5.43
B,18:06:30.884455,0.04
B,18:06:30.926846,0.04
B,18:06:30.967461,0.04
A,18:06:34.517201,5.46
C,18:06:34.597092,10.05
C,18:06:34.634087,0.04
C,18:06:34.664586,0.03
C,18:06:34.713440,0.05
B,18:06:36.563399,5.60
B,18:06:36.995987,0.43
B,18:06:37.032846,0.04
B,18:06:37.088398,0.06
A,18:06:39.556342,5.04
C,18:06:39.748115,5.03
C,18:06:39.777153,0.03
C,18:06:39.808002,0.03
B,18:06:42.124831,5.04
B,18:06:42.174145,0.05
B,18:06:42.221260,0.05
B,18:06:42.266492,0.05
B,18:06:42.299899,0.03
B,18:06:42.326428,0.03
A,18:06:44.594854,5.04
A,18:06:44.629956,0.04
C,18:06:44.879469,5.07
C,18:06:44.915924,0.04
C,18:06:44.951356,0.04
C,18:06:44.982886,0.03
A,18:06:49.673992,5.04
A,18:06:49.727830,0.05
A,18:06:49.774165,0.05
A,18:06:49.857962,0.08
A,18:06:49.895044,0.04
A,18:06:49.924331,0.03
C,18:06:50.031121,5.05
C,18:06:50.078117,0.05
B,18:06:52.364212,10.04
C,18:06:55.116785,5.04
A,18:06:55.406609,5.48
A,18:06:55.434233,0.03
A,18:06:55.464050,0.03
A,18:06:55.503845,0.04
A,18:06:55.539293,0.04
B,18:06:57.398304,5.03
B,18:06:57.444994,0.05
B,18:06:57.503831,0.06
A,18:07:00.567524,5.03
A,18:07:00.605084,0.04
C,18:07:00.630019,5.51
A,18:07:00.646396,0.04
A,18:07:00.679941,0.03
A,18:07:00.711632,0.03
A,18:07:00.752032,0.04
C,18:07:06.359916,5.73
C,18:07:07.081941,0.72
C,18:07:07.182385,0.10
B,18:07:08.175996,10.67
B,18:07:08.326118,0.15
B,18:07:08.365955,0.04
A,18:07:10.789828,10.04
A,18:07:10.825378,0.04
C,18:07:12.219700,5.04
C,18:07:12.250631,0.03
B,18:07:14.040306,5.67
B,18:07:15.068907,1.03
B,18:07:15.193784,0.12
B,18:07:15.225582,0.03
A,18:07:15.867621,5.04
A,18:07:15.902069,0.03
C,18:07:17.288128,5.04
C,18:07:17.362720,0.07
C,18:07:17.406178,0.04
C,18:07:17.468669,0.06
C,18:07:17.536631,0.07
B,18:07:20.300563,5.07
B,18:07:20.350666,0.05
A,18:07:20.942054,5.04
B,18:07:25.921376,5.57
A,18:07:25.982413,5.04
B,18:07:26.153523,0.23
C,18:07:27.575847,10.04
C,18:07:27.612380,0.04
C,18:07:27.657078,0.04
C,18:07:27.688180,0.03
C,18:07:27.729873,0.04
C,18:07:27.798996,0.07
C,18:07:27.838620,0.04
C,18:07:27.875277,0.04
C,18:07:27.907347,0.03
C,18:07:27.946840,0.04
B,18:07:31.182696,5.03
B,18:07:31.215971,0.03
B,18:07:31.255230,0.04
C,18:07:33.501656,5.55
C,18:07:33.628473,0.13
A,18:07:36.029318,10.05
B,18:07:36.293958,5.04
C,18:07:39.031375,5.40
C,18:07:44.564365,5.53
B,18:07:46.344916,10.05
A,18:07:46.406749,10.38
A,18:07:46.463186,0.06
C,18:07:49.603081,5.04
C,18:07:49.632916,0.03
C,18:07:49.689872,0.06
B,18:07:52.033120,5.69
B,18:07:52.278665,0.25
C,18:07:54.724359,5.03
A,18:07:56.548666,10.09
A,18:07:56.586662,0.04
A,18:07:56.634208,0.05
A,18:07:56.671132,0.04
A,18:07:56.698096,0.03
A,18:07:56.755418,0.06
A,18:07:56.803045,0.05
B,18:07:57.971787,5.69
B,18:07:58.444334,0.47
B,18:07:58.488957,0.04
B,18:07:58.520140,0.03
B,18:07:58.553597,0.03
B,18:07:58.596763,0.04
C,18:08:00.436745,5.71
C,18:08:00.876470,0.44
C,18:08:00.952804,0.08
A,18:08:02.376367,5.57
A,18:08:02.432581,0.06
A,18:08:02.461524,0.03
A,18:08:02.495108,0.03
A,18:08:02.537634,0.04
B,18:08:03.637224,5.04
C,18:08:05.986681,5.03
C,18:08:06.034077,0.05
C,18:08:06.081674,0.05
B,18:08:08.665244,5.03
B,18:08:08.702554,0.04
C,18:08:11.114213,5.03
A,18:08:12.579925,10.04
A,18:08:12.620793,0.04
A,18:08:12.658927,0.04
A,18:08:12.685298,0.03
B,18:08:13.737674,5.04
B,18:08:13.769423,0.03
B,18:08:13.825098,0.06
C,18:08:16.147725,5.03
C,18:08:16.223869,0.08
A,18:08:18.045717,5.36
B,18:08:18.906730,5.08
B,18:08:19.002778,0.10
B,18:08:19.031527,0.03
B,18:08:19.281084,0.25
C,18:08:21.734635,5.51
C,18:08:21.766503,0.03
C,18:08:21.835678,0.07
C,18:08:21.863470,0.03
C,18:08:21.901861,0.04
A,18:08:23.778190,5.73
A,18:08:24.224622,0.45
A,18:08:24.269465,0.04
A,18:08:24.313789,0.04
B,18:08:24.317998,5.04
A,18:08:24.343998,0.03
B,18:08:24.344558,0.03
B,18:08:24.376524,0.03
B,18:08:24.430064,0.05
B,18:08:24.498635,0.07
B,18:08:24.527202,0.03
B,18:08:24.561338,0.03
B,18:08:24.600414,0.04
B,18:08:24.640903,0.04
C,18:08:27.278704,5.38
A,18:08:29.372320,5.03
A,18:08:29.407921,0.04
B,18:08:29.725801,5.08
B,18:08:29.783097,0.06
A,18:08:34.445256,5.04
A,18:08:34.473930,0.03
A,18:08:34.507628,0.03
A,18:08:34.539318,0.03
A,18:08:34.564439,0.03
A,18:08:34.590639,0.03
C,18:08:37.712935,10.43
C,18:08:37.742813,0.03
C,18:08:37.809554,0.07
C,18:08:37.841465,0.03
A,18:08:39.630938,5.04
B,18:08:39.829951,10.05
B,18:08:39.859677,0.03
C,18:08:42.886480,5.05
C,18:08:42.918837,0.03
A,18:08:44.670465,5.04
B,18:08:44.896030,5.04
C,18:08:47.955041,5.04
C,18:08:47.985614,0.03
C,18:08:48.011905,0.03
C,18:08:48.047043,0.04
C,18:08:48.095674,0.05
A,18:08:49.707127,5.04
A,18:08:49.735265,0.03
A,18:08:49.764683,0.03
A,18:08:49.798600,0.03
A,18:08:49.826987,0.03
A,18:08:49.855483,0.03
A,18:08:49.886710,0.03
B,18:08:49.930841,5.03
C,18:08:53.684723,5.59
C,18:08:53.716884,0.03
C,18:08:53.768320,0.05
C,18:08:53.808929,0.04
C,18:08:53.865116,0.06
B,18:08:55.217394,5.29
A,18:08:55.255451,5.37
A,18:08:55.284372,0.03
C,18:08:58.897804,5.03
B,18:09:00.255163,5.04
B,18:09:00.292034,0.04
B,18:09:00.321428,0.03
A,18:09:00.322707,5.04
C,18:09:04.432870,5.54
C,18:09:04.463212,0.03
A,18:09:05.660463,5.34
A,18:09:05.691395,0.03
B,18:09:05.727274,5.41
B,18:09:05.780558,0.05
B,18:09:05.813743,0.03
C,18:09:09.503132,5.04
B,18:09:10.842793,5.03
A,18:09:11.197154,5.51
A,18:09:11.228330,0.03
A,18:09:11.259302,0.03
A,18:09:11.305124,0.05
A,18:09:11.332718,0.03
A,18:09:11.360381,0.03
A,18:09:11.397268,0.04
A,18:09:11.451160,0.05
A,18:09:11.484744,0.03
A,18:09:11.532909,0.05
A,18:09:11.562261,0.03
A,18:09:11.596337,0.03
A,18:09:11.626201,0.03
C,18:09:14.533634,5.03
C,18:09:14.605264,0.07
C,18:09:14.636807,0.03
C,18:09:14.691028,0.05
A,18:09:16.653900,5.03
A,18:09:16.683332,0.03
A,18:09:16.737546,0.05
A,18:09:16.766076,0.03
A,18:09:16.798018,0.03
A,18:09:16.838764,0.04
A,18:09:16.868112,0.03
A,18:09:16.899795,0.03
B,18:09:21.330690,10.49
B,18:09:21.369941,0.04
A,18:09:22.253733,5.35
A,18:09:22.287192,0.03
A,18:09:22.315139,0.03
A,18:09:22.347368,0.03
A,18:09:22.379230,0.03
A,18:09:22.405764,0.03
A,18:09:22.439516,0.03
C,18:09:24.740313,10.05
B,18:09:26.862509,5.49
B,18:09:26.909898,0.05
B,18:09:26.951821,0.04
B,18:09:26.976513,0.02
B,18:09:27.013756,0.04
B,18:09:27.042322,0.03
B,18:09:27.092954,0.05
B,18:09:27.129935,0.04
A,18:09:32.491216,10.05
B,18:09:32.701499,5.57
C,18:09:34.777506,10.04
C,18:09:34.812282,0.03
C,18:09:34.841668,0.03
B,18:09:37.739225,5.04
B,18:09:37.775139,0.04
B,18:09:37.813446,0.04
B,18:09:37.855425,0.04
B,18:09:37.880660,0.03
A,18:09:37.916645,5.43
A,18:09:37.948697,0.03
A,18:09:37.981552,0.03
C,18:09:39.878443,5.04
C,18:09:39.909495,0.03
B,18:09:42.929519,5.05
B,18:09:42.959179,0.03
A,18:09:43.018048,5.04
A,18:09:43.049965,0.03
A,18:09:43.078725,0.03
A,18:09:43.120421,0.04
A,18:09:43.154520,0.03
C,18:09:45.293495,5.38
C,18:09:45.320433,0.03
A,18:09:48.194833,5.04
B,18:09:48.364004,5.40
C,18:09:50.352194,5.03
C,18:09:50.396091,0.04
C,18:09:50.439883,0.04
C,18:09:50.475913,0.04
B,18:09:53.398156,5.03
A,18:09:53.592468,5.40
C,18:09:55.515126,5.04
A,18:09:58.630041,5.04
C,18:10:00.961025,5.45
B,18:10:03.444688,10.05
B,18:10:03.480118,0.04
B,18:10:03.509602,0.03
A,18:10:03.666104,5.04
B,18:10:08.546264,5.04
B,18:10:08.581835,0.04
B,18:10:08.616810,0.03
A,18:10:08.706172,5.04
C,18:10:11.013641,10.05
C,18:10:11.049863,0.04
B,18:10:14.167253,5.55
B,18:10:14.190856,0.02
B,18:10:14.218883,0.03
C,18:10:16.321398,5.27
A,18:10:18.742924,10.04
A,18:10:18.784938,0.04
A,18:10:18.857121,0.07
A,18:10:18.885008,0.03
B,18:10:19.706790,5.49
B,18:10:19.741468,0.03
B,18:10:19.772363,0.03
B,18:10:19.802206,0.03
B,18:10:19.830187,0.03
B,18:10:19.855844,0.03
B,18:10:19.907148,0.05
B,18:10:19.940406,0.03
A,18:10:23.921825,5.04
B,18:10:25.687042,5.75
B,18:10:25.856434,0.17
C,18:10:26.366110,10.04
A,18:10:29.221571,5.30
B,18:10:31.372267,5.52
C,18:10:31.400529,5.03
B,18:10:31.405651,0.03
C,18:10:31.435007,0.03
B,18:10:31.438421,0.03
B,18:10:31.471023,0.03
A,18:10:34.261209,5.04
A,18:10:34.300167,0.04
C,18:10:36.465038,5.03
A,18:10:39.337347,5.04
A,18:10:39.379531,0.04
C,18:10:41.510882,5.05
B,18:10:41.517304,10.05
C,18:10:41.542028,0.03
B,18:10:41.555885,0.04
C,18:10:41.579709,0.04
A,18:10:44.404235,5.02
A,18:10:44.428693,0.02
A,18:10:44.457002,0.03
B,18:10:46.593576,5.04
C,18:10:46.629481,5.05
B,18:10:46.658650,0.07
C,18:10:46.734368,0.10
B,18:10:46.767677,0.11
B,18:10:46.813303,0.05
A,18:10:49.834677,5.38
B,18:10:52.264859,5.45
B,18:10:52.375599,0.11
B,18:10:52.416078,0.04
A,18:10:54.873695,5.04
C,18:10:57.180789,10.45
C,18:10:57.213319,0.03
B,18:10:57.452586,5.04
A,18:10:59.958718,5.09
B,18:11:02.490064,5.04
B,18:11:02.552261,0.06
B,18:11:02.599489,0.05
B,18:11:02.629749,0.03
B,18:11:02.666925,0.04
B,18:11:02.720036,0.05
B,18:11:02.757631,0.04
A,18:11:04.994602,5.04
A,18:11:05.038290,0.04
C,18:11:07.262610,10.05
B,18:11:08.334829,5.58
B,18:11:08.575635,0.24
A,18:11:10.389116,5.35
C,18:11:12.300352,5.04
B,18:11:13.612637,5.04
C,18:11:17.369821,5.07
B,18:11:18.643824,5.03
A,18:11:20.832435,10.44
A,18:11:20.900731,0.07
B,18:11:24.181662,5.54
B,18:11:24.266266,0.08
B,18:11:24.299703,0.03
B,18:11:24.360125,0.06
B,18:11:24.388159,0.03
B,18:11:24.429832,0.04
B,18:11:24.463492,0.03
A,18:11:25.934978,5.03
A,18:11:25.995897,0.06
A,18:11:26.027099,0.03
A,18:11:26.055503,0.03
A,18:11:26.093877,0.04
A,18:11:26.125475,0.03
A,18:11:26.155723,0.03
C,18:11:27.899605,10.53
B,18:11:30.047708,5.58
B,18:11:30.080869,0.03
B,18:11:30.114126,0.03
B,18:11:30.152847,0.04
B,18:11:30.203397,0.05
B,18:11:30.251781,0.05
A,18:11:31.187855,5.03
C,18:11:33.427960,5.53
B,18:11:35.295533,5.04
B,18:11:35.347954,0.05
A,18:11:36.225163,5.04
C,18:11:38.482938,5.05
B,18:11:40.388143,5.04
B,18:11:40.439637,0.05
B,18:11:40.465735,0.03
B,18:11:40.503759,0.04
A,18:11:41.257473,5.03
A,18:11:41.315435,0.06
C,18:11:43.874410,5.39
B,18:11:46.023921,5.52
B,18:11:46.059175,0.04
A,18:11:46.344774,5.03
A,18:11:46.375500,0.03
C,18:11:48.906492,5.03
C,18:11:48.949476,0.04
C,18:11:48.977568,0.03
C,18:11:49.029365,0.05
C,18:11:49.058743,0.03
C,18:11:49.096003,0.04
C,18:11:49.131264,0.04
C,18:11:49.191825,0.06
C,18:11:49.222137,0.03
C,18:11:49.259777,0.04
B,18:11:51.092798,5.03
B,18:11:51.140664,0.05
A,18:11:51.411224,5.04
C,18:11:54.690398,5.43
C,18:11:54.753026,0.06
B,18:11:56.171167,5.03
A,18:11:56.489151,5.08
A,18:11:56.518804,0.03
C,18:12:00.153719,5.40
C,18:12:00.185083,0.03
A,18:12:01.549300,5.03
B,18:12:01.693245,5.52
C,18:12:05.691382,5.51
C,18:12:05.721792,0.03
C,18:12:05.773743,0.05
C,18:12:05.824698,0.05
C,18:12:05.867851,0.04
C,18:12:05.900301,0.03
C,18:12:05.940362,0.04
C,18:12:11.213057,5.27
C,18:12:11.272907,0.06
C,18:12:11.673987,0.40
B,18:12:11.740321,10.05
A,18:12:11.838186,10.29
C,18:12:11.852774,0.18
A,18:12:16.874794,5.04
C,18:12:16.912184,5.06
A,18:12:16.951273,0.08
A,18:12:16.977693,0.03
C,18:12:16.983657,0.07
C,18:12:17.022725,0.04
B,18:12:17.060188,5.32
B,18:12:17.103484,0.04
C,18:12:17.108655,0.09
B,18:12:17.133882,0.03
B,18:12:17.161138,0.03
B,18:12:17.194951,0.03
B,18:12:17.223451,0.03
B,18:12:17.266551,0.04
B,18:12:17.308483,0.04
B,18:12:17.344623,0.04
B,18:12:17.408782,0.06
A,18:12:22.006553,5.03
A,18:12:22.037542,0.03
A,18:12:22.063438,0.03
A,18:12:22.094239,0.03
C,18:12:22.139330,5.03
A,18:12:22.152984,0.06
A,18:12:22.196750,0.04
A,18:12:22.243507,0.05
A,18:12:22.275735,0.03
B,18:12:22.445232,5.04
B,18:12:22.484713,0.04
B,18:12:22.519117,0.03
C,18:12:27.177643,5.04
A,18:12:27.310449,5.03
A,18:12:27.356586,0.05
B,18:12:27.560641,5.04
B,18:12:27.591521,0.03
B,18:12:27.627954,0.04
B,18:12:27.662691,0.03
B,18:12:27.694631,0.03
B,18:12:27.746237,0.05
C,18:12:32.212739,5.04
C,18:12:32.254280,0.04
C,18:12:32.282784,0.03
C,18:12:32.309424,0.03
C,18:12:32.336303,0.03
C,18:12:32.366907,0.03
A,18:12:32.390605,5.03
C,18:12:32.395790,0.03
C,18:12:32.430697,0.03
C,18:12:32.492714,0.06
B,18:12:33.333729,5.59
B,18:12:33.365502,0.03
B,18:12:33.403747,0.04
B,18:12:33.448810,0.05
B,18:12:33.528909,0.08
C,18:12:37.940332,5.45
C,18:12:37.996610,0.06
C,18:12:38.046874,0.05
C,18:12:38.102076,0.06
C,18:12:38.145633,0.04
C,18:12:38.180718,0.04
C,18:12:38.216535,0.04
C,18:12:38.244516,0.03
A,18:12:38.268238,5.88
C,18:12:38.283834,0.04
A,18:12:38.305467,0.04
C,18:12:38.314755,0.03
C,18:12:38.344406,0.03
B,18:12:38.569931,5.04
B,18:12:43.603040,5.03
A,18:12:43.786915,5.48
A,18:12:43.825758,0.04
C,18:12:48.386029,10.04
C,18:12:48.422622,0.04
B,18:12:48.641424,5.04
B,18:12:48.701175,0.06
B,18:12:48.741523,0.04
B,18:12:48.774799,0.03
B,18:12:48.802614,0.03
B,18:12:48.833953,0.03
B,18:12:48.868416,0.03
A,18:12:48.873878,5.05
B,18:12:48.933795,0.07
C,18:12:54.074337,5.65
B,18:12:54.224864,5.29
C,18:12:54.243923,0.17
C,18:12:54.280923,0.04
B,18:12:54.312569,0.09
B,18:12:54.378039,0.07
A,18:12:54.545028,5.67
A,18:12:54.581371,0.04
A,18:12:54.614170,0.03
A,18:12:59.658884,5.04
B,18:12:59.756740,5.38
C,18:12:59.783496,5.50
C,18:13:04.820125,5.04
C,18:13:04.870840,0.05
C,18:13:04.903346,0.03
A,18:13:09.704733,10.05
A,18:13:09.740599,0.04
A,18:13:09.775098,0.03
B,18:13:09.798835,10.04
C,18:13:09.941310,5.04
A,18:13:14.818504,5.04
B,18:13:14.837205,5.04
B,18:13:14.934025,0.10
C,18:13:14.987578,5.05
B,18:13:19.983441,5.05
C,18:13:20.028944,5.04
C,18:13:20.077855,0.05
A,18:13:20.341927,5.52
B,18:13:25.026249,5.04
A,18:13:25.386927,5.05
B,18:13:30.073613,5.05
B,18:13:30.126372,0.05
C,18:13:30.160790,10.08
B,18:13:30.172683,0.05
C,18:13:30.191255,0.03
B,18:13:30.210564,0.04
C,18:13:30.217127,0.03
B,18:13:30.239452,0.03
C,18:13:30.245333,0.03
C,18:13:30.282082,0.04
A,18:13:30.434663,5.05
B,18:13:35.281691,5.04
C,18:13:35.310810,5.03
C,18:13:35.351361,0.04
B,18:13:35.365343,0.08
C,18:13:35.420155,0.07
A,18:13:35.485375,5.05
A,18:13:35.515514,0.03
A,18:13:35.548308,0.03
A,18:13:35.581472,0.03
A,18:13:40.618156,5.04
C,18:13:40.916214,5.50
B,18:13:40.940710,5.58
C,18:13:40.947089,0.03
B,18:13:40.968084,0.03
C,18:13:40.972414,0.03
B,18:13:40.998030,0.03
C,18:13:40.998600,0.03
C,18:13:46.033531,5.03
C,18:13:46.063631,0.03
B,18:13:46.087571,5.09
C,18:13:46.109248,0.05
B,18:13:46.118883,0.03
A,18:13:46.138854,5.52
C,18:13:46.139732,0.03
B,18:13:46.152630,0.03
A,18:13:46.174768,0.04
A,18:13:46.202419,0.03
B,18:13:46.224298,0.07
A,18:13:46.230580,0.03
C,18:13:46.232256,0.09
A,18:13:46.283520,0.05
A,18:13:46.331640,0.05
B,18:13:46.340538,0.12
C,18:13:46.343521,0.11
C,18:13:46.371571,0.03
A,18:13:51.373459,5.04
B,18:13:51.378670,5.04
C,18:13:51.409967,5.04
B,18:13:51.723057,0.34
C,18:13:56.446840,5.04
C,18:13:56.480689,0.03
C,18:13:56.516045,0.04
C,18:13:56.550637,0.03
C,18:13:56.586781,0.04
C,18:13:56.644433,0.06
C,18:13:56.689975,0.05
C,18:13:56.728664,0.04
B,18:13:56.770302,5.05
A,18:14:01.528812,10.16
A,18:14:01.607580,0.08
C,18:14:02.426083,5.70
B,18:14:02.457972,5.69
B,18:14:02.500769,0.04
B,18:14:02.536943,0.04
C,18:14:07.952758,5.53
C,18:14:07.997480,0.04
C,18:14:08.050123,0.05
C,18:14:08.080208,0.03
A,18:14:11.657899,10.05
A,18:14:11.691783,0.03
C,18:14:13.114154,5.03
C,18:14:13.182595,0.07
A,18:14:16.732011,5.04
C,18:14:18.232114,5.05
C,18:14:18.311163,0.08
C,18:14:18.340668,0.03
B,18:14:18.400502,15.86
A,18:14:21.776424,5.04
B,18:14:23.928498,5.53
C,18:14:23.937185,5.60
C,18:14:23.982913,0.05
C,18:14:24.020901,0.04
A,18:14:26.998116,5.22
A,18:14:27.038407,0.04
A,18:14:27.101189,0.06
A,18:14:27.132060,0.03
A,18:14:27.162583,0.03
A,18:14:27.196916,0.03
C,18:14:29.101563,5.08
C,18:14:29.160227,0.06
C,18:14:29.191686,0.03
C,18:14:29.225272,0.03
C,18:14:29.254804,0.03
C,18:14:29.302285,0.05
C,18:14:29.348346,0.05
C,18:14:29.437780,0.09
B,18:14:29.462638,5.53
A,18:14:32.227002,5.03
B,18:14:34.499757,5.04
C,18:14:34.519599,5.08
C,18:14:34.556902,0.04
C,18:14:34.591945,0.04
A,18:14:37.272950,5.05
B,18:14:39.545338,5.05
C,18:14:39.633340,5.04
C,18:14:39.667484,0.03
C,18:14:39.709375,0.04
B,18:14:44.584155,5.04
B,18:14:44.620640,0.04
C,18:14:44.742351,5.03
C,18:14:44.773366,0.03
C,18:14:44.829134,0.06
A,18:14:47.319988,10.05
B,18:14:49.658701,5.04
C,18:14:49.878138,5.05
A,18:14:52.365464,5.05
A,18:14:52.442354,0.08
A,18:14:52.503165,0.06
A,18:14:52.533663,0.03
A,18:14:52.608021,0.07
A,18:14:52.636317,0.03
B,18:14:54.702904,5.04
B,18:14:54.757750,0.05
B,18:14:54.817533,0.06
B,18:14:54.870711,0.05
B,18:14:54.904975,0.03
C,18:14:54.916783,5.04
B,18:14:54.967060,0.06
B,18:14:54.995551,0.03
B,18:14:55.163661,0.17
C,18:14:55.459557,0.54
C,18:15:00.507644,5.05
C,18:15:00.547898,0.04
C,18:15:00.595835,0.05
C,18:15:00.641993,0.05
C,18:15:00.684308,0.04
B,18:15:00.791772,5.63
A,18:15:02.681726,10.05
A,18:15:02.769013,0.09
A,18:15:02.805853,0.04
C,18:15:06.625373,5.94
C,18:15:06.740100,0.11
C,18:15:06.772899,0.03
C,18:15:06.810414,0.04
A,18:15:08.172113,5.37
A,18:15:08.210057,0.04
A,18:15:08.255785,0.05
B,18:15:11.401237,10.61
B,18:15:11.584686,0.18
B,18:15:11.625909,0.04
B,18:15:11.665957,0.04
B,18:15:11.696595,0.03
B,18:15:11.734213,0.04
B,18:15:11.781677,0.05
B,18:15:11.822102,0.04
C,18:15:11.853746,5.04
B,18:15:11.936218,0.11
C,18:15:12.274948,0.42
A,18:15:13.695152,5.44
A,18:15:18.737808,5.04
C,18:15:22.315521,10.04
C,18:15:22.358386,0.04
C,18:15:22.386456,0.03
B,18:15:22.606696,10.67
A,18:15:23.797512,5.06
A,18:15:23.838373,0.04
A,18:15:23.879717,0.04
A,18:15:23.915581,0.04
A,18:15:23.945716,0.03
A,18:15:23.977265,0.03
A,18:15:24.027441,0.05
A,18:15:24.071937,0.04
A,18:15:24.104473,0.03
A,18:15:24.138804,0.03
A,18:15:24.170918,0.03
B,18:15:27.649198,5.04
B,18:15:27.687349,0.04
C,18:15:27.825708,5.44
A,18:15:29.781929,5.61
A,18:15:29.994830,0.21
C,18:15:32.889522,5.06
C,18:15:32.927510,0.04
C,18:15:32.957564,0.03
A,18:15:35.031821,5.04
B,18:15:37.976080,10.29
B,18:15:38.199364,0.22
C,18:15:38.276067,5.32
C,18:15:38.336682,0.06
C,18:15:38.366248,0.03
A,18:15:40.124834,5.09
A,18:15:40.161049,0.04
A,18:15:40.188472,0.03
A,18:15:40.233389,0.04
A,18:15:40.266729,0.03
A,18:15:40.296828,0.03
A,18:15:40.328982,0.03
A,18:15:40.370411,0.04
A,18:15:40.404642,0.03
A,18:15:40.447016,0.04
B,18:15:43.235189,5.04
C,18:15:43.402800,5.04
A,18:15:45.486727,5.04
A,18:15:45.530135,0.04
A,18:15:45.619864,0.09
A,18:15:45.695953,0.08
A,18:15:45.736362,0.04
A,18:15:45.826231,0.09
A,18:15:45.889221,0.06
A,18:15:45.937499,0.05
A,18:15:45.982323,0.04
A,18:15:46.007180,0.02
A,18:15:46.035063,0.03
A,18:15:46.066008,0.03
A,18:15:46.097651,0.03
A,18:15:46.123918,0.03
A,18:15:46.159415,0.04
A,18:15:46.199059,0.04
A,18:15:46.255090,0.06
B,18:15:48.271589,5.04
B,18:15:48.327021,0.06
B,18:15:48.390100,0.06
B,18:15:48.436631,0.05
C,18:15:48.438651,5.04
A,18:15:51.297315,5.04
A,18:15:51.335572,0.04
A,18:15:51.367487,0.03
A,18:15:51.395880,0.03
A,18:15:51.433605,0.04
A,18:15:51.462980,0.03
A,18:15:51.498201,0.04
C,18:15:53.486566,5.05
C,18:15:53.531969,0.05
A,18:15:56.535607,5.04
C,18:15:58.856328,5.32
B,18:15:58.867820,10.43
C,18:15:58.908224,0.05
C,18:15:58.944043,0.04
C,18:15:58.974016,0.03
C,18:15:59.023089,0.05
C,18:15:59.062681,0.04
C,18:15:59.092707,0.03
C,18:15:59.129848,0.04
C,18:15:59.189665,0.06
C,18:15:59.240756,0.05
B,18:15:59.263879,0.40
C,18:15:59.281423,0.04
B,18:15:59.295464,0.03
B,18:15:59.323198,0.03
A,18:16:01.566978,5.03
A,18:16:01.593681,0.03
A,18:16:01.621287,0.03
A,18:16:01.695787,0.07
A,18:16:01.728399,0.03
C,18:16:04.311470,5.03
B,18:16:04.362896,5.04
C,18:16:04.384776,0.07
B,18:16:04.402134,0.04
B,18:16:04.446485,0.04
B,18:16:04.486234,0.04
B,18:16:04.517138,0.03
B,18:16:04.553005,0.04
B,18:16:04.596791,0.04
B,18:16:04.634608,0.04
A,18:16:06.763377,5.03
A,18:16:06.842511,0.08
A,18:16:12.371840,5.53
A,18:16:12.404936,0.03
C,18:16:14.438763,10.05
B,18:16:14.678970,10.04
B,18:16:19.718968,5.04
C,18:16:19.746631,5.31
C,18:16:19.781049,0.03
C,18:16:19.818320,0.04
A,18:16:22.818972,10.41
A,18:16:22.908704,0.09
A,18:16:22.946605,0.04
A,18:16:22.980076,0.03
B,18:16:24.756512,5.04
B,18:16:24.789894,0.03
B,18:16:24.840205,0.05
C,18:16:24.857636,5.04
C,18:16:24.889829,0.03
C,18:16:24.919953,0.03
B,18:16:30.188774,5.35
A,18:16:33.568843,10.59
A,18:16:33.602996,0.03
B,18:16:35.224989,5.04
C,18:16:35.413617,10.49
C,18:16:35.451031,0.04
C,18:16:35.480989,0.03
C,18:16:35.512409,0.03
A,18:16:38.637746,5.03
A,18:16:38.678904,0.04
A,18:16:38.717714,0.04
C,18:16:40.549556,5.04
C,18:16:40.586829,0.04
C,18:16:40.617824,0.03
B,18:16:40.631907,5.41
C,18:16:40.649507,0.03
B,18:16:40.667373,0.04
B,18:16:40.697253,0.03
B,18:16:40.731084,0.03
B,18:16:40.756300,0.03
A,18:16:43.760655,5.04
A,18:16:43.804620,0.04
A,18:16:43.841791,0.04
B,18:16:45.812637,5.06
C,18:16:46.216803,5.57
C,18:16:46.497167,0.28
C,18:16:46.536851,0.04
C,18:16:46.572177,0.04
C,18:16:46.604304,0.03
C,18:16:46.636815,0.03
A,18:16:49.234732,5.39
A,18:16:49.274113,0.04
A,18:16:49.315533,0.04
C,18:16:51.670724,5.03
C,18:16:51.713473,0.04
A,18:16:54.349430,5.03
B,18:16:55.856291,10.04
B,18:16:55.890061,0.03
C,18:16:56.924018,5.21
A,18:16:59.690324,5.34
A,18:16:59.736447,0.05
A,18:16:59.770601,0.03
A,18:16:59.815856,0.05
A,18:16:59.845447,0.03
A,18:16:59.901033,0.06
A,18:16:59.938065,0.04
A,18:16:59.965894,0.03
B,18:17:01.220332,5.33
C,18:17:02.142543,5.22
A,18:17:05.717019,5.75
A,18:17:06.175853,0.46
B,18:17:06.256142,5.04
B,18:17:06.290281,0.03
B,18:17:06.334479,0.04
B,18:17:06.399172,0.06
B,18:17:06.429691,0.03
B,18:17:06.462838,0.03
B,18:17:06.489592,0.03
B,18:17:06.536381,0.05
B,18:17:06.583770,0.05
B,18:17:06.619798,0.04
B,18:17:06.666807,0.05
B,18:17:06.711884,0.05
A,18:17:11.211292,5.04
A,18:17:11.251194,0.04
A,18:17:11.285327,0.03
A,18:17:11.309284,0.02
B,18:17:11.760131,5.05
B,18:17:11.789902,0.03
C,18:17:12.191423,10.05
A,18:17:16.585442,5.28
A,18:17:16.621613,0.04
B,18:17:16.819498,5.03
A,18:17:21.661003,5.04
A,18:17:21.704792,0.04
A,18:17:21.736751,0.03
B,18:17:21.870391,5.05
B,18:17:21.902059,0.03
C,18:17:22.721230,10.53
A,18:17:26.770615,5.03
A,18:17:26.811940,0.04
A,18:17:26.837969,0.03
B,18:17:26.929174,5.03
C,18:17:28.419160,5.70
C,18:17:28.589229,0.17
B,18:17:32.244085,5.31
A,18:17:32.247542,5.41
B,18:17:32.285037,0.04
C,18:17:33.623372,5.03
C,18:17:33.649486,0.03
C,18:17:33.679117,0.03
C,18:17:33.748605,0.07
C,18:17:33.783496,0.03
A,18:17:37.975335,5.73
B,18:17:37.980880,5.70
B,18:17:38.403065,0.42
A,18:17:38.410315,0.43
A,18:17:38.441936,0.03
A,18:17:38.498330,0.06
A,18:17:38.526894,0.03
A,18:17:38.563053,0.04
A,18:17:38.595545,0.03
A,18:17:38.623327,0.03
A,18:17:38.670235,0.05
A,18:17:38.703072,0.03
C,18:17:38.852173,5.07
C,18:17:38.919369,0.07
C,18:17:38.951588,0.03
B,18:17:43.450780,5.05
B,18:17:43.487006,0.04
B,18:17:43.524841,0.04
B,18:17:43.596543,0.07
B,18:17:43.633973,0.04
B,18:17:43.662899,0.03
A,18:17:43.738631,5.04
C,18:17:44.583135,5.63
C,18:17:44.861618,0.28
A,18:17:49.342351,5.60
A,18:17:49.781855,0.44
C,18:17:49.901347,5.04
B,18:17:50.064385,6.40
B,18:17:50.102572,0.04
A,18:17:54.815649,5.03
A,18:17:54.886331,0.07
A,18:17:54.920004,0.03
C,18:17:54.933883,5.03
B,18:18:00.134457,10.03
B,18:18:00.194162,0.06
B,18:18:00.235091,0.04
B,18:18:00.264567,0.03
B,18:18:00.305345,0.04
C,18:18:00.506869,5.57
A,18:18:00.512849,5.59
C,18:18:00.537017,0.03
A,18:18:05.556214,5.04
C,18:18:05.577953,5.04
A,18:18:05.590992,0.03
A,18:18:05.631071,0.04
A,18:18:05.687418,0.06
A,18:18:05.729259,0.04
B,18:18:05.737422,5.43
A,18:18:05.799532,0.07
B,18:18:05.854739,0.12
B,18:18:05.896275,0.04
B,18:18:05.971369,0.08
C,18:18:10.665819,5.09
A,18:18:10.828678,5.03
B,18:18:11.004494,5.03
C,18:18:15.701449,5.04
A,18:18:15.867168,5.04
A,18:18:15.917481,0.05
A,18:18:15.970216,0.05
A,18:18:16.027718,0.06
B,18:18:16.037495,5.03
A,18:18:16.074346,0.05
A,18:18:16.113940,0.04
A,18:18:16.146718,0.03
A,18:18:16.218272,0.07
B,18:18:16.288997,0.25
B,18:18:16.359848,0.07
B,18:18:16.398577,0.04
B,18:18:16.430621,0.03
B,18:18:16.466485,0.04
B,18:18:16.501039,0.03
B,18:18:16.532319,0.03
C,18:18:20.748323,5.05
B,18:18:21.568084,5.04
A,18:18:21.716699,5.50
A,18:18:21.744987,0.03
A,18:18:21.778967,0.03
A,18:18:21.819322,0.04
A,18:18:21.850990,0.03
C,18:18:26.327536,5.58
C,18:18:26.353650,0.03
C,18:18:26.383403,0.03
C,18:18:26.419897,0.04
C,18:18:26.454188,0.03
C,18:18:26.519181,0.06
A,18:18:27.033966,5.18
A,18:18:27.070913,0.04
C,18:18:31.843021,5.32
B,18:18:31.900491,10.33
B,18:18:31.934896,0.03
B,18:18:32.046373,0.11
B,18:18:32.091241,0.04
A,18:18:32.103388,5.03
A,18:18:32.131826,0.03
A,18:18:32.175627,0.04
B,18:18:32.270449,0.18
B,18:18:32.370383,0.10
B,18:18:32.470134,0.10
B,18:18:32.551003,0.08
A,18:18:37.216670,5.04
A,18:18:37.250474,0.03
A,18:18:37.283316,0.03
C,18:18:37.375635,5.53
B,18:18:37.584796,5.03
B,18:18:37.721843,0.14
B,18:18:37.764130,0.04
B,18:18:37.853047,0.09
B,18:18:38.721711,0.87
B,18:18:38.942264,0.22
B,18:18:43.976315,5.03
B,18:18:44.054371,0.08
B,18:18:44.120479,0.07
B,18:18:44.208789,0.09
A,18:18:47.938736,10.66
C,18:18:48.152392,10.78
A,18:18:48.174298,0.24
C,18:18:48.231074,0.08
B,18:18:49.254904,5.05
C,18:18:53.271235,5.04
B,18:18:54.885429,5.63
B,18:18:54.941050,0.06
B,18:18:55.006521,0.07
B,18:18:55.064078,0.06
A,18:18:58.217459,10.04
B,18:19:00.121167,5.06
C,18:19:03.801158,10.53
A,18:19:03.803495,5.59
C,18:19:03.837342,0.04
C,18:19:03.873591,0.04
B,18:19:05.161756,5.04
B,18:19:05.190824,0.03
B,18:19:05.234421,0.04
B,18:19:05.268111,0.03
B,18:19:05.298153,0.03
B,18:19:05.328469,0.03
B,18:19:05.365429,0.04
B,18:19:05.404977,0.04
B,18:19:05.440125,0.04
A,18:19:09.521867,5.72
A,18:19:09.972933,0.45
C,18:19:10.253562,6.38
C,18:19:10.302709,0.05
B,18:19:10.483843,5.04
B,18:19:10.521254,0.04
B,18:19:10.558966,0.04
A,18:19:15.009088,5.04
A,18:19:15.046778,0.04
B,18:19:15.597353,5.04
C,18:19:20.688354,10.39
C,18:19:20.729352,0.04
A,18:19:25.619049,10.57
B,18:19:25.641974,10.04
B,18:19:25.668312,0.03
B,18:19:25.704824,0.04
B,18:19:25.747829,0.04
C,18:19:25.765815,5.04
C,18:19:25.801095,0.04
B,18:19:25.812047,0.06
B,18:19:25.857654,0.05
A,18:19:30.659432,5.04
C,18:19:30.840360,5.04
C,18:19:30.886235,0.05
B,18:19:30.895798,5.04
A,18:19:35.697427,5.04
A,18:19:35.801392,0.10
C,18:19:35.923281,5.04
B,18:19:35.937747,5.04
B,18:19:35.998624,0.06
B,18:19:36.049633,0.05
B,18:19:36.105881,0.06
B,18:19:36.139029,0.03
B,18:19:36.184484,0.05
B,18:19:36.216498,0.03
B,18:19:36.314716,0.10
B,18:19:36.697454,0.38
A,18:19:40.835551,5.03
A,18:19:40.872463,0.04
C,18:19:40.973219,5.05
C,18:19:41.002061,0.03
C,18:19:41.035162,0.03
C,18:19:41.073214,0.04
C,18:19:41.107329,0.03
B,18:19:42.395123,5.70
B,18:19:43.114184,0.72
B,18:19:43.192948,0.08
C,18:19:46.497542,5.39
C,18:19:46.526539,0.03
C,18:19:46.557762,0.03
B,18:19:48.642224,5.45
B,18:19:48.683848,0.04
B,18:19:48.785191,0.10
A,18:19:50.914476,10.04
C,18:19:52.022041,5.46
C,18:19:52.058198,0.04
C,18:19:52.089134,0.03
C,18:19:52.177366,0.09
C,18:19:52.243962,0.07
B,18:19:54.683333,5.90
B,18:19:55.117968,0.43
B,18:19:55.150498,0.03
B,18:19:55.187058,0.04
A,18:19:56.324729,5.41
A,18:19:56.362850,0.04
A,18:19:56.400342,0.04
A,18:19:56.436424,0.04
A,18:19:56.468142,0.03
A,18:19:56.502796,0.03
A,18:19:56.534683,0.03
A,18:19:56.566936,0.03
A,18:19:56.606112,0.04
C,18:19:57.287321,5.04
C,18:19:57.326785,0.04
C,18:19:57.385572,0.06
C,18:19:57.428223,0.04
B,18:20:00.624535,5.44
B,18:20:00.669110,0.04
B,18:20:00.705617,0.04
A,18:20:02.372552,5.77
C,18:20:02.477333,5.05
C,18:20:02.509692,0.03
A,18:20:02.836413,0.46
A,18:20:02.873758,0.04
A,18:20:02.950502,0.08
A,18:20:02.989974,0.04
A,18:20:03.026758,0.04
A,18:20:03.071326,0.04
C,18:20:08.199409,5.69
A,18:20:08.814196,5.74
C,18:20:09.431114,1.23
A,18:20:10.043845,1.23
C,18:20:10.454947,1.02
A,18:20:10.506834,0.46
C,18:20:10.561259,0.11
B,18:20:10.748946,10.04
B,18:20:10.787802,0.04
B,18:20:10.829443,0.04
B,18:20:10.874152,0.04
B,18:20:10.954261,0.08
B,18:20:11.014038,0.06
C,18:20:15.984714,5.42
B,18:20:16.050377,5.04
A,18:20:20.908723,10.40
A,18:20:20.940483,0.03
A,18:20:20.975511,0.04
A,18:20:21.010254,0.03
C,18:20:21.019338,5.03
A,18:20:21.043488,0.03
A,18:20:21.075684,0.03
B,18:20:21.089373,5.04
A,18:20:21.111610,0.04
A,18:20:21.149200,0.04
A,18:20:26.231759,5.08
A,18:20:26.267303,0.04
A,18:20:26.304402,0.04
A,18:20:26.338271,0.03
A,18:20:26.369889,0.03
B,18:20:26.428540,5.34
C,18:20:26.433490,5.41
C,18:20:26.462869,0.03
B,18:20:26.480852,0.05
A,18:20:26.496400,0.13
C,18:20:26.499314,0.04
B,18:20:26.513153,0.03
A,18:20:26.536574,0.04
C,18:20:26.551636,0.05
B,18:20:26.555362,0.04
C,18:20:26.596284,0.04
B,18:20:26.636392,0.08
C,18:20:31.959434,5.36
C,18:20:32.006644,0.05
A,18:20:32.281469,5.74
A,18:20:32.311995,0.03
B,18:20:36.682196,10.05
C,18:20:37.037314,5.03
C,18:20:37.076182,0.04
C,18:20:37.121303,0.05
C,18:20:37.158513,0.04
C,18:20:37.192619,0.03
C,18:20:37.227089,0.03
A,18:20:42.357129,10.05
A,18:20:42.387990,0.03
C,18:20:47.268605,10.04
C,18:20:47.315690,0.05
B,18:20:47.325783,10.64
C,18:20:47.348828,0.03
C,18:20:47.417765,0.07
B,18:20:47.421095,0.10
A,18:20:47.429862,5.04
C,18:20:47.462767,0.05
B,18:20:47.481450,0.06
C,18:20:47.501134,0.04
B,18:20:47.512793,0.03
C,18:20:47.537848,0.04
B,18:20:52.856741,5.34
C,18:20:52.858365,5.32
A,18:20:52.898458,5.47
C,18:20:52.903473,0.05
A,18:20:52.929439,0.03
C,18:20:52.931844,0.03
B,18:20:52.935975,0.08
B,18:20:52.978819,0.04
C,18:20:53.287088,0.36
A,18:20:58.441744,5.51
B,18:20:58.450023,5.47
C,18:20:58.892331,5.61
A,18:20:59.503631,1.06
C,18:21:00.120167,1.23
B,18:21:00.587323,2.14
C,18:21:00.592203,0.47
A,18:21:00.620947,1.12
C,18:21:00.625371,0.03
C,18:21:00.669950,0.04
C,18:21:00.701761,0.03
C,18:21:00.739231,0.04
C,18:21:00.777942,0.04
C,18:21:00.844277,0.07
B,18:21:05.618500,5.03
A,18:21:05.655556,5.03
B,18:21:10.661080,5.04
A,18:21:10.698456,5.04
B,18:21:10.700531,0.04
C,18:21:10.931804,10.09
B,18:21:15.739933,5.04
C,18:21:15.976202,5.04
C,18:21:21.040197,5.06
B,18:21:21.120199,5.38
A,18:21:21.511542,10.81
A,18:21:26.949516,5.44
B,18:21:31.560193,10.44
C,18:21:31.561550,10.52
B,18:21:31.586689,0.03
B,18:21:31.623712,0.04
B,18:21:31.653440,0.03
A,18:21:31.984502,5.03
C,18:21:36.609292,5.05
A,18:21:37.393714,5.41
C,18:21:42.107908,5.50
C,18:21:42.353274,0.25
C,18:21:42.394814,0.04
C,18:21:42.425843,0.03
A,18:21:42.429773,5.04
C,18:21:42.454042,0.03
A,18:21:42.463043,0.03
C,18:21:42.481440,0.03
B,18:21:42.629649,10.98
B,18:21:42.667519,0.04
B,18:21:42.713213,0.05
B,18:21:42.755264,0.04
B,18:21:42.809539,0.05
B,18:21:42.858254,0.05
C,18:21:47.557452,5.08
C,18:21:47.673493,0.12
C,18:21:47.711438,0.04
C,18:21:47.739294,0.03
B,18:21:47.910188,5.05
B,18:21:47.953374,0.04
A,18:21:52.767043,10.30
A,18:21:52.801779,0.03
B,18:21:53.090518,5.14
B,18:21:53.125956,0.04
B,18:21:53.177666,0.05
B,18:21:53.235149,0.06
C,18:21:54.026826,6.29
C,18:21:54.074558,0.05
A,18:21:58.135740,5.33
A,18:21:58.222905,0.09
C,18:21:59.107975,5.03
C,18:21:59.142952,0.03
C,18:21:59.196853,0.05
C,18:21:59.240655,0.04
C,18:21:59.268983,0.03
A,18:22:03.254026,5.03
B,18:22:03.293822,10.06
A,18:22:03.305639,0.05
A,18:22:03.336057,0.03
B,18:22:03.338032,0.04
B,18:22:03.371462,0.03
A,18:22:03.372537,0.04
B,18:22:03.404189,0.03
A,18:22:03.407887,0.04
A,18:22:03.440304,0.03
A,18:22:03.476746,0.04
A,18:22:03.524010,0.05
A,18:22:03.555597,0.03
A,18:22:03.580567,0.02
A,18:22:03.615094,0.03
A,18:22:03.644579,0.03
A,18:22:03.674325,0.03
A,18:22:03.720015,0.05
A,18:22:03.766952,0.05
C,18:22:04.306981,5.04
B,18:22:08.448620,5.04
A,18:22:13.810477,10.04
B,18:22:13.954548,5.51
C,18:22:14.572732,10.27
A,18:22:18.847681,5.04
A,18:22:18.892166,0.04
A,18:22:18.918309,0.03
B,18:22:18.994612,5.04
C,18:22:20.107569,5.53
A,18:22:24.408113,5.49
C,18:22:25.627388,5.52
B,18:22:29.041315,10.05
C,18:22:30.660733,5.03
A,18:22:34.449246,10.04
A,18:22:34.485790,0.04
A,18:22:34.528790,0.04
B,18:22:34.535888,5.49
B,18:22:34.563294,0.03
B,18:22:34.590250,0.03
A,18:22:34.607724,0.08
A,18:22:34.643282,0.04
C,18:22:36.073666,5.41
B,18:22:39.625550,5.04
B,18:22:39.663754,0.04
A,18:22:39.669647,5.03
A,18:22:39.705467,0.04
C,18:22:41.604717,5.53
C,18:22:41.657520,0.05
C,18:22:41.692717,0.04
C,18:22:41.802163,0.11
C,18:22:41.841151,0.04
C,18:22:41.870879,0.03
C,18:22:41.897440,0.03
C,18:22:41.924517,0.03
C,18:22:41.958230,0.03
A,18:22:44.978831,5.27
A,18:22:45.016396,0.04
B,18:22:45.302667,5.64
B,18:22:45.334896,0.03
B,18:22:45.372983,0.04
B,18:22:45.425962,0.05
B,18:22:45.454527,0.03
B,18:22:45.486323,0.03
B,18:22:45.519979,0.03
A,18:22:50.053198,5.04
B,18:22:50.823488,5.30
B,18:22:50.868774,0.05
C,18:22:52.001771,10.04
C,18:22:52.057700,0.06
C,18:22:52.083983,0.03
C,18:22:52.112060,0.03
C,18:22:52.142190,0.03
C,18:22:52.177069,0.03
C,18:22:52.211058,0.03
A,18:22:55.088511,5.04
B,18:22:56.345499,5.48
B,18:22:56.377987,0.03
C,18:22:57.256237,5.05
B,18:23:01.415519,5.04
A,18:23:05.137584,10.05
B,18:23:06.459865,5.04
C,18:23:07.308851,10.05
C,18:23:07.338999,0.03
C,18:23:07.366749,0.03
C,18:23:07.453000,0.09
C,18:23:07.501251,0.05
C,18:23:07.530805,0.03
A,18:23:10.184159,5.05
A,18:23:10.240797,0.06
A,18:23:10.279278,0.04
A,18:23:10.305975,0.03
A,18:23:10.338884,0.03
B,18:23:12.018169,5.56
C,18:23:12.560249,5.03
A,18:23:15.701234,5.36
A,18:23:15.759247,0.06
A,18:23:15.797379,0.04
B,18:23:17.696989,5.68
C,18:23:17.861265,5.30
B,18:23:17.878463,0.18
C,18:23:17.896216,0.03
C,18:23:18.158887,0.26
C,18:23:18.213516,0.05
B,18:23:22.919650,5.04
C,18:23:23.253301,5.04
C,18:23:23.287136,0.03
C,18:23:23.323834,0.04
C,18:23:23.358905,0.04
C,18:23:23.389679,0.03
C,18:23:23.419298,0.03
C,18:23:23.452714,0.03
C,18:23:23.485662,0.03
A,18:23:26.146750,10.35
B,18:23:27.955958,5.04
C,18:23:28.525347,5.04
C,18:23:28.564367,0.04
C,18:23:28.599239,0.03
C,18:23:28.645097,0.05
A,18:23:31.185029,5.04
C,18:23:33.678328,5.03
C,18:23:33.715190,0.04
C,18:23:33.746883,0.03
C,18:23:33.788038,0.04
C,18:23:33.859279,0.07
A,18:23:36.227441,5.04
A,18:23:36.290302,0.06
B,18:23:38.436659,10.48
C,18:23:39.355985,5.50
A,18:23:41.813135,5.52
B,18:23:43.964810,5.53
B,18:23:44.000221,0.04
B,18:23:44.031656,0.03
B,18:23:44.071637,0.04
B,18:23:44.102441,0.03
B,18:23:44.135754,0.03
C,18:23:44.388898,5.03
C,18:23:44.427718,0.04
C,18:23:44.454341,0.03
A,18:23:47.343574,5.53
A,18:23:47.378670,0.04
A,18:23:47.445831,0.07
A,18:23:47.489097,0.04
A,18:23:47.523888,0.03
B,18:23:49.493616,5.36
C,18:23:49.498458,5.04
C,18:23:49.532276,0.03
C,18:23:49.581230,0.05
C,18:23:49.617102,0.04
A,18:23:52.872676,5.35
A,18:23:52.910156,0.04
B,18:23:55.021579,5.53
A,18:23:57.951476,5.04
A,18:23:57.987710,0.04
A,18:23:58.018648,0.03
C,18:23:59.651623,10.03
B,18:24:00.052126,5.03
A,18:24:03.050709,5.03
C,18:24:05.160024,5.51
C,18:24:05.191740,0.03
C,18:24:10.234878,5.04
B,18:24:10.385657,10.33
B,18:24:11.304519,0.92
A,18:24:13.104796,10.05
A,18:24:13.151607,0.05
A,18:24:13.185929,0.03
A,18:24:13.234564,0.05
A,18:24:13.267849,0.03
A,18:24:13.294867,0.03
B,18:24:13.455085,2.15
C,18:24:15.271018,5.04
A,18:24:18.346809,5.05
A,18:24:18.413203,0.07
C,18:24:20.308589,5.04
C,18:24:20.347451,0.04
C,18:24:20.378495,0.03
A,18:24:23.458687,5.05
A,18:24:23.497065,0.04
B,18:24:23.502686,10.05
B,18:24:23.533280,0.03
B,18:24:23.578119,0.04
B,18:24:23.611390,0.03
C,18:24:25.420801,5.04
C,18:24:25.453331,0.03
B,18:24:28.670268,5.06
B,18:24:28.708653,0.04
A,18:24:28.817794,5.32
A,18:24:28.864438,0.05
C,18:24:30.966020,5.51
C,18:24:31.031503,0.07
C,18:24:31.082820,0.05
C,18:24:31.113082,0.03
A,18:24:33.910157,5.05
A,18:24:33.945057,0.03
A,18:24:33.977161,0.03
A,18:24:34.009894,0.03
B,18:24:34.036738,5.33
C,18:24:36.151291,5.04
A,18:24:39.054418,5.04
B,18:24:39.078750,5.04
A,18:24:39.089404,0.03
A,18:24:39.117178,0.03
B,18:24:39.121525,0.04
C,18:24:41.191333,5.04
C,18:24:41.256241,0.06
A,18:24:44.181947,5.06
A,18:24:44.222108,0.04
A,18:24:44.258991,0.04
C,18:24:46.334020,5.08
B,18:24:49.229309,10.11
B,18:24:49.272008,0.04
A,18:24:49.299126,5.04
B,18:24:49.303922,0.03
B,18:24:49.334451,0.03
A,18:24:49.348475,0.05
B,18:24:49.359920,0.03
B,18:24:49.409304,0.05
A,18:24:49.479065,0.13
A,18:24:49.517537,0.04
C,18:24:51.370764,5.04
A,18:24:55.858564,6.34
A,18:24:55.895088,0.04
A,18:24:55.965563,0.07
A,18:24:55.997240,0.03
A,18:24:56.079295,0.08
A,18:24:56.114068,0.03
C,18:24:56.471648,5.10
B,18:24:56.974916,7.57
C,18:25:01.523295,5.05
C,18:25:01.567356,0.04
A,18:25:01.684061,5.57
A,18:25:01.712005,0.03
A,18:25:01.750367,0.04
A,18:25:01.786415,0.04
A,18:25:01.816434,0.03
B,18:25:02.013616,5.04
B,18:25:02.047773,0.03
B,18:25:07.085518,5.04
A,18:25:07.218458,5.40
A,18:25:07.281866,0.06
A,18:25:07.332828,0.05
C,18:25:07.568740,6.00
B,18:25:12.437640,5.35
B,18:25:12.467649,0.03
C,18:25:12.605365,5.04
C,18:25:12.641325,0.04
C,18:25:12.671845,0.03
A,18:25:17.377650,10.04
B,18:25:17.502789,5.04
B,18:25:17.557911,0.06
C,18:25:23.190099,10.52
C,18:25:23.263693,0.07
C,18:25:23.296266,0.03
C,18:25:23.323908,0.03
C,18:25:23.355803,0.03
C,18:25:23.385923,0.03
C,18:25:23.414598,0.03
B,18:25:27.604197,10.05
A,18:25:27.801596,10.42
C,18:25:29.229598,5.81
C,18:25:29.952849,0.72
A,18:25:32.835258,5.03
A,18:25:32.908497,0.07
C,18:25:34.988732,5.04
C,18:25:35.023483,0.03
C,18:25:35.055145,0.03
C,18:25:35.094768,0.04
C,18:25:35.132780,0.04
C,18:25:35.190844,0.06
C,18:25:35.253640,0.06
C,18:25:35.285641,0.03
B,18:25:37.651281,10.05
A,18:25:38.615575,5.71
A,18:25:38.875804,0.26
C,18:25:40.701910,5.42
C,18:25:40.737777,0.04
A,18:25:44.447761,5.57
A,18:25:45.510460,1.06
A,18:25:45.954272,0.44
C,18:25:46.234006,5.50
B,18:25:47.695995,10.04
C,18:25:51.278879,5.04
C,18:25:51.308239,0.03
C,18:25:51.339824,0.03
C,18:25:51.373996,0.03
B,18:25:53.409260,5.71
B,18:25:53.622879,0.21
B,18:25:53.650500,0.03
B,18:25:53.705603,0.06
B,18:25:53.739946,0.03
B,18:25:53.771299,0.03
B,18:25:53.806096,0.03
B,18:25:53.838184,0.03
B,18:25:53.862622,0.02
B,18:25:53.894226,0.03
B,18:25:53.932949,0.04
B,18:25:53.961052,0.03
B,18:25:53.993962,0.03
B,18:25:54.029147,0.04
A,18:25:56.000713,10.05
A,18:25:56.081998,0.08
C,18:25:56.415799,5.04
C,18:25:56.483905,0.07
C,18:25:56.585157,0.10
C,18:25:56.647493,0.06
C,18:25:56.704011,0.06
B,18:25:59.451915,5.42
B,18:25:59.495884,0.04
C,18:26:01.729102,5.03
A,18:26:06.508944,10.43
C,18:26:07.120270,5.39
C,18:26:07.166030,0.05
B,18:26:09.545927,10.05
B,18:26:09.597509,0.05
B,18:26:09.638670,0.04
B,18:26:09.686021,0.05
B,18:26:09.714106,0.03
B,18:26:09.744317,0.03
B,18:26:09.796501,0.05
C,18:26:12.852324,5.69
C,18:26:14.081614,1.23
B,18:26:14.845003,5.05
B,18:26:14.903960,0.06
B,18:26:14.970408,0.07
C,18:26:15.119630,1.04
C,18:26:15.147144,0.03
C,18:26:15.181988,0.03
A,18:26:16.952520,10.44
B,18:26:20.029394,5.06
C,18:26:20.219750,5.04
C,18:26:20.269721,0.05
A,18:26:21.985355,5.03
A,18:26:22.015575,0.03
B,18:26:25.067251,5.04
B,18:26:25.096444,0.03
B,18:26:25.166047,0.07
B,18:26:25.207695,0.04
C,18:26:25.304938,5.04
C,18:26:25.334256,0.03
A,18:26:27.060025,5.04
A,18:26:27.135729,0.08
A,18:26:27.173695,0.04
A,18:26:27.245248,0.07
B,18:26:30.270819,5.06
C,18:26:30.375945,5.04
C,18:26:30.412923,0.04
C,18:26:30.475858,0.06
A,18:26:32.720130,5.47
A,18:26:32.967993,0.25
B,18:26:35.314675,5.04
B,18:26:35.356174,0.04
C,18:26:35.513091,5.04
C,18:26:35.548950,0.04
C,18:26:35.596161,0.05
C,18:26:35.631764,0.04
B,18:26:40.399190,5.04
B,18:26:40.449018,0.05
C,18:26:40.683029,5.05
A,18:26:43.022356,10.05
B,18:26:45.490009,5.04
B,18:26:45.526851,0.04
C,18:26:45.729749,5.05
B,18:26:50.571389,5.04
C,18:26:50.777173,5.05
A,18:26:53.069164,10.05
A,18:26:53.122076,0.05
A,18:26:53.192528,0.07
A,18:26:53.235667,0.04
A,18:26:53.281461,0.05
A,18:26:53.320047,0.04
A,18:26:53.363919,0.04
A,18:26:53.424264,0.06
A,18:26:53.484182,0.06
A,18:26:53.521898,0.04
B,18:26:55.610635,5.04
C,18:26:56.278892,5.50
C,18:26:56.313235,0.03
C,18:26:56.342729,0.03
A,18:26:58.555852,5.03
B,18:27:00.645944,5.04
B,18:27:00.686822,0.04
C,18:27:01.373477,5.03
C,18:27:01.429334,0.06
A,18:27:03.954469,5.40
A,18:27:04.016378,0.06
A,18:27:04.054978,0.04
A,18:27:04.097057,0.04
A,18:27:04.138826,0.04
B,18:27:06.105933,5.42
B,18:27:06.254394,0.15
B,18:27:06.288227,0.03
B,18:27:06.343717,0.06
C,18:27:06.468775,5.04
C,18:27:06.509901,0.04
A,18:27:09.490018,5.35
A,18:27:09.522010,0.03
B,18:27:11.382362,5.04
B,18:27:11.436293,0.05
C,18:27:11.562334,5.05
A,18:27:14.559253,5.04
A,18:27:14.597795,0.04
A,18:27:14.631339,0.03
A,18:27:14.684082,0.05
A,18:27:14.740155,0.06
A,18:27:14.765569,0.03
C,18:27:16.866988,5.30
C,18:27:16.908930,0.04
C,18:27:16.967393,0.06
C,18:27:17.002646,0.04
C,18:27:17.053603,0.05
A,18:27:20.438081,5.67
A,18:27:20.870005,0.43
B,18:27:22.079733,10.64
C,18:27:22.084982,5.03
B,18:27:22.108320,0.03
B,18:27:22.136066,0.03
B,18:27:22.165121,0.03
B,18:27:22.199377,0.03
B,18:27:22.232898,0.03
A,18:27:26.388210,5.52
A,18:27:26.482097,0.09
C,18:27:27.122811,5.04
B,18:27:27.261515,5.03
C,18:27:30.068364,2.95
C,18:27:30.120426,0.05
B,18:27:30.135058,2.87
C,18:27:30.165475,0.05
C,18:27:30.193639,0.03
C,18:27:30.232432,0.04
C,18:27:30.281651,0.05
C,18:27:30.309769,0.03
C,18:27:30.347244,0.04
A,18:27:31.912296,5.43
B,18:27:35.803500,5.67
