18:01:02.912934,A,3624
18:01:03.040998,C,3680
18:01:07.952998,A,3596
18:01:07.996323,A,3666
18:01:08.025495,A,3582
18:01:08.063879,A,3596
18:01:08.078821,C,3633
18:01:08.101894,A,3638
18:01:08.114442,C,3730
18:01:08.229646,C,3728
18:01:13.281347,C,3736
18:01:13.364384,C,3775
18:01:13.427429,C,3813
18:01:13.491681,A,3606
18:01:17.637657,B,1403
18:01:17.804117,B,1447
18:01:17.839798,B,1458
18:01:17.868509,B,1464
18:01:18.557201,A,3655
18:01:18.712571,C,3807
18:01:18.747807,C,3788
18:01:18.814143,C,3752
18:01:18.871391,C,3752
18:01:23.354077,B,1419
18:01:23.430634,B,1687
18:01:23.468501,B,1622
18:01:23.505504,B,1598
18:01:23.589307,A,3657
18:01:23.630310,A,3689
18:01:23.658608,A,3713
18:01:23.684943,A,3722
18:01:23.712283,A,3763
18:01:23.906686,C,3732
18:01:23.959449,C,3883
18:01:28.544476,B,1534
18:01:28.747746,A,3728
18:01:28.775915,A,3688
18:01:28.802687,A,3607
18:01:28.830797,A,3684
18:01:28.877010,A,3718
18:01:28.906009,A,3675
18:01:28.944493,A,3684
18:01:28.978338,A,3724
18:01:28.994000,C,3882
18:01:29.025365,C,4169
18:01:29.063058,C,4085
18:01:29.095957,A,3687
18:01:29.128386,A,3619
18:01:29.160507,C,4107
18:01:29.165723,A,3693
18:01:29.192165,A,3710
18:01:29.227192,A,3675
18:01:29.264231,A,3694
18:01:32.750321,B,1464
18:01:32.803911,B,1444
18:01:32.864462,B,1578
18:01:32.922953,B,1531
18:01:33.145919,B,1545
18:01:33.183000,B,1553
18:01:34.331799,A,3661
18:01:34.682387,C,4098
18:01:34.732867,C,3727
18:01:34.761874,C,3576
18:01:38.676039,B,1569
18:01:39.021780,B,1679
18:01:39.079950,B,1516
18:01:39.603306,A,4007
18:01:39.630932,A,3647
18:01:39.659058,A,3657
18:01:39.686407,A,3690
18:01:39.755555,A,3647
18:01:39.793729,C,3667
18:01:39.821952,C,3718
18:01:44.108669,B,1562
18:01:44.200351,B,1665
18:01:44.275787,B,1626
18:01:44.303055,B,1698
18:01:45.129729,A,3694
18:01:45.132312,C,3739
18:01:45.159999,A,3740
18:01:45.165718,C,3758
18:01:45.200116,C,3717
18:01:45.220705,A,3801
18:01:45.255531,C,3784
18:01:45.277806,A,3823
18:01:50.678564,A,3777
18:01:50.686664,B,1502
18:01:50.708987,A,3573
18:01:50.712544,B,1518
18:01:50.736015,A,3576
18:01:51.025083,C,3572
18:01:51.052408,C,3578
18:01:51.077733,C,3628
18:01:56.114019,C,3624
18:01:56.139887,C,3488
18:01:56.186881,A,3544
18:01:56.191069,C,3488
18:01:56.240580,A,3587
18:01:56.248541,C,3492
18:01:56.250549,B,1423
18:01:56.271269,A,3619
18:01:56.289359,C,3508
18:01:56.297811,B,1467
18:01:56.315272,C,3484
18:01:56.342780,B,1462
18:01:56.370535,B,1523
18:01:56.398763,B,1496
18:01:56.617286,A,3591
18:01:56.681112,A,3468
18:01:56.718269,A,3436
18:01:56.775319,A,3328
18:01:56.806493,A,3411
18:01:56.843876,A,3466
18:01:56.873979,A,3394
18:01:56.944936,A,3403
18:01:56.977125,A,3720
18:01:57.010832,A,3830
18:01:57.059641,A,3864
18:02:01.873553,C,3483
18:02:02.055800,C,3029
18:02:02.094822,A,3909
18:02:02.096801,B,1655
18:02:02.107931,C,2991
18:02:02.137431,A,4007
18:02:02.170621,A,3529
18:02:02.183427,B,1589
18:02:02.249144,A,3649
18:02:02.284467,A,3586
18:02:02.321802,A,3657
18:02:02.352192,A,3655
18:02:02.379198,A,3599
18:02:07.418180,A,3608
18:02:07.460054,A,4148
18:02:07.533350,A,4228
18:02:07.559428,C,3071
18:02:07.563499,B,1620
18:02:07.590075,A,4312
18:02:07.659451,A,4209
18:02:08.630169,B,1134
18:02:10.699163,B,1147
18:02:10.775190,B,1104
18:02:10.903077,B,1084
18:02:11.007529,B,1129
18:02:11.148379,B,1074
18:02:11.205337,B,1028
18:02:11.248398,B,1107
18:02:12.693562,A,4159
18:02:12.724933,A,3855
18:02:12.776878,C,3411
18:02:18.410649,A,3865
18:02:18.642511,C,3283
18:02:18.711403,A,3397
18:02:21.839861,B,1096
18:02:23.674294,C,3217
18:02:23.707334,C,3949
18:02:23.737891,C,3958
18:02:23.747817,A,3413
18:02:23.765962,C,3949
18:02:23.781736,A,2934
18:02:23.839103,A,2949
18:02:28.752345,B,5451
18:02:28.799899,C,3968
18:02:28.879611,A,2929
18:02:28.906654,A,2906
18:02:28.956857,A,2840
18:02:28.987601,A,2826
18:02:34.397666,C,4540
18:02:34.605256,C,4091
18:02:34.642253,C,4221
18:02:34.921389,B,2247
18:02:34.948792,B,2434
18:02:34.980362,B,2431
18:02:39.583236,A,2807
18:02:39.676974,C,4160
18:02:39.728644,C,4216
18:02:39.753916,C,4230
18:02:39.812020,C,4194
18:02:39.831638,A,2863
18:02:39.897867,A,2901
18:02:39.937487,A,2879
18:02:39.970695,A,2888
18:02:40.013107,B,3743
18:02:40.733683,B,4961
18:02:40.759674,B,4540
18:02:40.789797,B,3056
18:02:40.814005,B,2453
18:02:40.842380,B,2419
18:02:40.867053,B,2501
18:02:40.905013,B,2444
18:02:40.937999,B,2389
18:02:40.972954,B,2507
18:02:40.998791,B,2989
18:02:41.034689,B,2955
18:02:45.353457,A,2877
18:02:45.385355,A,2997
18:02:45.961008,C,4240
18:02:46.278805,B,2922
18:02:46.316430,B,2178
18:02:46.373863,B,2192
18:02:46.423438,B,2181
18:02:46.453372,B,2109
18:02:46.480269,B,2219
18:02:50.987214,C,4423
18:02:51.510937,B,2140
18:02:51.546833,B,3906
18:02:51.596140,B,4517
18:02:51.620937,B,4047
18:02:55.851095,A,3061
18:02:56.025793,C,4504
18:02:56.116074,A,2925
18:02:57.016110,B,4039
18:03:01.064621,C,4405
18:03:01.093245,C,4132
18:03:01.127105,C,4102
18:03:01.158258,A,2893
18:03:02.050573,B,6618
18:03:02.298653,B,2424
18:03:06.164908,C,4147
18:03:06.193488,A,3052
18:03:06.234633,A,3348
18:03:07.336925,B,2403
18:03:07.383189,B,4357
18:03:07.418246,B,2083
18:03:07.460477,B,2083
18:03:07.488400,B,2101
18:03:07.517438,B,2095
18:03:07.584868,B,2037
18:03:11.205897,C,4230
18:03:11.239524,C,4423
18:03:12.988628,B,2105
18:03:13.019154,B,2304
18:03:13.054981,B,2214
18:03:16.275125,C,4419
18:03:16.285322,A,3322
18:03:16.327515,A,3863
18:03:18.140406,B,2262
18:03:18.586238,B,2211
18:03:22.130305,A,3941
18:03:22.546297,C,5048
18:03:22.656182,C,4985
18:03:22.688583,C,4971
18:03:22.723044,C,4982
18:03:22.805193,C,4987
18:03:22.876462,A,2719
18:03:22.928563,A,2616
18:03:22.973823,A,2666
18:03:23.003611,A,2640
18:03:23.633903,B,2172
18:03:28.045244,A,2660
18:03:28.548306,C,5096
18:03:28.982023,C,5146
18:03:30.217193,B,3429
18:03:30.341590,B,3898
18:03:30.371075,B,3769
18:03:30.436055,B,3766
18:03:30.468538,B,3882
18:03:30.507025,B,3918
18:03:33.079501,A,2484
18:03:34.692634,C,5174
18:03:35.124824,C,4999
18:03:35.158388,C,5011
18:03:35.188970,C,4982
18:03:35.223928,C,4999
18:03:35.250637,C,4996
18:03:35.283429,C,4991
18:03:35.318701,C,4987
18:03:35.344185,C,4996
18:03:35.373370,C,5004
18:03:40.405523,C,4979
18:03:40.440928,C,5117
18:03:40.467181,C,5121
18:03:40.550188,B,3946
18:03:41.257037,B,8159
18:03:41.587279,B,8094
18:03:43.712899,A,2240
18:03:45.860289,C,5109
18:03:45.887438,C,5007
18:03:45.957359,C,5007
18:03:45.988785,C,5015
18:03:46.025962,C,4997
18:03:46.627483,B,7538
18:03:48.013631,B,6234
18:03:48.045616,B,5608
18:03:51.391724,C,4977
18:03:53.542197,B,5441
18:03:53.615123,B,6567
18:03:53.759786,A,2508
18:03:53.792363,A,2274
18:03:56.439643,C,4967
18:03:58.652090,B,5469
18:03:58.828442,A,2341
18:04:01.506007,C,4949
18:04:03.347107,B,5650
18:04:03.861672,A,2133
18:04:03.891557,A,1758
18:04:06.656481,C,4898
18:04:06.687017,C,5179
18:04:08.900256,B,6979
18:04:08.930086,A,1848
18:04:08.952257,B,5063
18:04:08.973665,A,1908
18:04:09.009954,A,1930
18:04:09.044223,A,1917
18:04:09.102857,A,1931
18:04:09.141122,A,1894
18:04:09.231695,A,1937
18:04:11.727809,C,4859
18:04:13.990525,B,4542
18:04:14.935354,A,1917
18:04:15.418471,A,1909
18:04:15.447961,A,1920
18:04:15.472990,A,1896
18:04:15.528108,A,1896
18:04:15.556199,A,1932
18:04:16.758519,C,5087
18:04:16.792880,C,4944
18:04:16.846831,C,4940
18:04:16.877098,C,4946
18:04:16.910169,C,4927
18:04:16.967430,C,4946
18:04:16.998398,C,4898
18:04:17.030136,C,4932
18:04:17.062382,C,4944
18:04:17.095689,C,4890
18:04:17.127002,C,4926
18:04:17.197169,C,4918
18:04:19.024166,B,4956
18:04:19.055038,B,7156
18:04:21.191414,A,1936
18:04:24.171864,B,6136
18:04:26.719685,A,1942
18:04:27.245519,C,4922
18:04:27.288346,C,4993
18:04:27.337424,C,5023
18:04:31.751054,A,1927
18:04:31.801896,A,1955
18:04:31.834863,A,1950
18:04:31.868159,A,1927
18:04:31.926858,A,1984
18:04:33.072612,C,4991
18:04:33.512039,C,5057
18:04:37.675670,A,1965
18:04:38.702111,A,1933
18:04:39.107772,C,4997
18:04:39.337705,C,5013
18:04:39.377347,C,5015
18:04:39.435958,C,5016
18:04:49.149957,A,1964
18:04:49.191310,A,1951
18:04:49.233523,A,1947
18:04:49.486548,C,4999
18:04:49.523712,C,5002
18:04:54.571280,C,4988
18:04:54.602992,C,5002
18:04:54.679110,A,1960
18:05:00.403360,A,1919
18:05:01.507171,A,1956
18:05:01.796207,C,5002
18:05:01.854036,C,5030
18:05:01.877852,A,1915
18:05:01.915927,C,5021
18:05:06.914381,A,1935
18:05:06.954912,C,5030
18:05:06.988806,A,1912
18:05:07.060703,A,1961
18:05:08.498868,B,6870
18:05:09.115304,B,3973
18:05:11.996310,C,4979
18:05:12.035274,C,5050
18:05:12.074132,C,5014
18:05:12.095408,A,1965
18:05:12.120849,A,2004
18:05:12.150038,A,1964
18:05:12.181729,A,1943
18:05:12.254670,A,1943
18:05:14.150625,B,3969
18:05:14.649431,B,3915
18:05:16.181038,B,3985
18:05:17.120831,C,5016
18:05:17.295906,A,1929
18:05:18.328514,B,4018
18:05:18.498478,B,5741
18:05:21.428676,B,4112
18:05:22.205624,C,5003
18:05:22.242474,C,5035
18:05:22.325911,C,5026
18:05:27.940407,C,5024
18:05:28.175769,C,5061
18:05:28.215618,C,5032
18:05:28.464426,A,1939
18:05:28.493530,A,1952
18:05:28.523893,A,1928
18:05:28.550646,A,1933
18:05:31.858972,B,4164
18:05:33.256774,C,5007
18:05:33.289590,B,4104
18:05:33.305309,C,5041
18:05:33.322320,B,4081
18:05:33.357816,B,4087
18:05:33.593074,A,1955
18:05:33.632172,A,1939
18:05:38.667361,A,1935
18:05:39.114714,C,5013
18:05:39.837797,C,5021
18:05:39.852515,B,4057
18:05:39.872768,C,5021
18:05:39.900204,B,3994
18:05:39.906530,C,5014
18:05:39.943750,C,5032
18:05:39.955634,B,4040
18:05:39.969591,C,5003
18:05:39.981276,B,4091
18:05:40.008437,C,5011
18:05:40.025786,B,4073
18:05:40.057874,B,4054
18:05:44.136151,A,1936
18:05:44.167528,A,1954
18:05:44.208175,A,1938
18:05:45.873185,C,5040
18:05:46.308753,C,5008
18:05:46.352033,C,5013
18:05:46.593426,B,3974
18:05:46.634369,B,3913
18:05:46.672258,B,3965
18:05:46.713783,B,3886
18:05:49.666180,A,1906
18:05:51.814884,C,4980
18:05:51.849797,C,4989
18:05:51.879041,C,4975
18:05:51.911985,C,4966
18:05:51.942081,C,4985
18:05:52.126095,B,3932
18:05:52.158074,B,4082
18:05:52.190402,B,4033
18:05:52.220272,B,4065
18:05:52.251277,B,4118
18:05:52.281276,B,4109
18:05:52.323307,B,4088
18:05:52.351789,B,4134
18:05:52.380930,B,4132
18:05:52.410698,B,4076
18:05:52.457517,B,4074
18:05:52.496912,B,4083
18:05:55.197056,A,1961
18:05:55.229788,A,1969
18:05:57.349340,C,5013
18:05:57.377849,C,5018
18:05:57.536936,B,4114
18:06:00.933790,A,1886
18:06:01.441022,A,1960
18:06:01.466990,A,1967
18:06:01.490357,A,1906
18:06:02.418264,C,4977
18:06:02.452967,C,4991
18:06:02.515283,C,5005
18:06:02.549400,C,5052
18:06:02.573267,B,3951
18:06:02.615101,B,4030
18:06:06.869876,A,1948
18:06:06.898065,A,1866
18:06:06.925725,A,1830
18:06:06.985532,A,1868
18:06:08.099170,B,4045
18:06:08.460643,C,4867
18:06:08.512700,C,4496
18:06:12.034484,A,1839
18:06:13.731701,B,3872
18:06:13.937218,C,4932
18:06:13.964994,B,3860
18:06:13.974280,C,4955
18:06:14.067779,C,4918
18:06:14.101188,C,4987
18:06:17.626665,A,1841
18:06:17.663295,A,1854
18:06:17.745559,A,1861
18:06:17.822044,A,1872
18:06:17.877998,A,1852
18:06:17.958084,A,1842
18:06:18.037516,A,1850
18:06:19.007105,B,3885
18:06:19.155333,C,4938
18:06:19.187572,C,4947
18:06:19.250821,C,4944
18:06:19.253751,B,3704
18:06:19.331862,C,4957
18:06:19.380073,B,5822
18:06:19.444898,C,4934
18:06:19.458295,B,5900
18:06:19.510065,C,4942
18:06:19.548023,B,5931
18:06:19.685103,B,3732
18:06:19.748188,B,3756
18:06:23.458606,A,1845
18:06:23.489631,A,1841
18:06:23.568334,A,1863
18:06:23.617466,A,1858
18:06:24.549231,C,4934
18:06:24.825742,B,3694
18:06:24.861816,B,3639
18:06:25.008570,B,3651
18:06:25.101538,B,4091
18:06:25.225913,B,4571
18:06:25.289139,B,4155
18:06:25.418557,B,3678
18:06:28.987401,A,1839
18:06:29.026265,A,1864
18:06:29.058991,A,1866
18:06:30.844725,B,4593
18:06:30.884455,B,3677
18:06:30.926846,B,3600
18:06:30.967461,B,4100
18:06:34.517201,A,1836
18:06:34.597092,C,4946
18:06:34.634087,C,4927
18:06:34.664586,C,4916
18:06:34.713440,C,4919
18:06:36.563399,B,3649
18:06:36.995987,B,3602
18:06:37.032846,B,3597
18:06:37.088398,B,3663
18:06:39.556342,A,1868
18:06:39.748115,C,4902
18:06:39.777153,C,4930
18:06:39.808002,C,4948
18:06:42.124831,B,3625
18:06:42.174145,B,3660
18:06:42.221260,B,3869
18:06:42.266492,B,3714
18:06:42.299899,B,3728
18:06:42.326428,B,3805
18:06:44.594854,A,1811
18:06:44.629956,A,1821
18:06:44.879469,C,4924
18:06:44.915924,C,4920
18:06:44.951356,C,4938
18:06:44.982886,C,4942
18:06:49.673992,A,1817
18:06:49.727830,A,1817
18:06:49.774165,A,1775
18:06:49.857962,A,1783
18:06:49.895044,A,1812
18:06:49.924331,A,1770
18:06:50.031121,C,4917
18:06:50.078117,C,4930
18:06:52.364212,B,3755
18:06:55.116785,C,4958
18:06:55.406609,A,1802
18:06:55.434233,A,1798
18:06:55.464050,A,1783
18:06:55.503845,A,1783
18:06:55.539293,A,1789
18:06:57.398304,B,3625
18:06:57.444994,B,3623
18:06:57.503831,B,3672
18:07:00.567524,A,1811
18:07:00.605084,A,1767
18:07:00.630019,C,4944
18:07:00.646396,A,1769
18:07:00.679941,A,1805
18:07:00.711632,A,1813
18:07:00.752032,A,1783
18:07:06.359916,C,4939
18:07:07.081941,C,4945
18:07:07.182385,C,4938
18:07:08.175996,B,3705
18:07:08.326118,B,4277
18:07:08.365955,B,3637
18:07:10.789828,A,1774
18:07:10.825378,A,1797
18:07:12.219700,C,4939
18:07:12.250631,C,4930
18:07:14.040306,B,4760
18:07:15.068907,B,3716
18:07:15.193784,B,3672
18:07:15.225582,B,3583
18:07:15.867621,A,1822
18:07:15.902069,A,1786
18:07:17.288128,C,4938
18:07:17.362720,C,4919
18:07:17.406178,C,4902
18:07:17.468669,C,4967
18:07:17.536631,C,4924
18:07:20.300563,B,3509
18:07:20.350666,B,3736
18:07:20.942054,A,1805
18:07:25.921376,B,3653
18:07:25.982413,A,1799
18:07:26.153523,B,3669
18:07:27.575847,C,4947
18:07:27.612380,C,4967
18:07:27.657078,C,4939
18:07:27.688180,C,4975
18:07:27.729873,C,4903
18:07:27.798996,C,4920
18:07:27.838620,C,4932
18:07:27.875277,C,4925
18:07:27.907347,C,4953
18:07:27.946840,C,4930
18:07:31.182696,B,3734
18:07:31.215971,B,4481
18:07:31.255230,B,3717
18:07:33.501656,C,4932
18:07:33.628473,C,4922
18:07:36.029318,A,1788
18:07:36.293958,B,4305
18:07:39.031375,C,4933
18:07:44.564365,C,4944
18:07:46.344916,B,3637
18:07:46.406749,A,1822
18:07:46.463186,A,1892
18:07:49.603081,C,4925
18:07:49.632916,C,4936
18:07:49.689872,C,4873
18:07:52.033120,B,3606
18:07:52.278665,B,3911
18:07:54.724359,C,4948
18:07:56.548666,A,1889
18:07:56.586662,A,1844
18:07:56.634208,A,1846
18:07:56.671132,A,1797
18:07:56.698096,A,1833
18:07:56.755418,A,1870
18:07:56.803045,A,1852
18:07:57.971787,B,3895
18:07:58.444334,B,3565
18:07:58.488957,B,3601
18:07:58.520140,B,3539
18:07:58.553597,B,3604
18:07:58.596763,B,3709
18:08:00.436745,C,4909
18:08:00.876470,C,4987
18:08:00.952804,C,4975
18:08:02.376367,A,1882
18:08:02.432581,A,1856
18:08:02.461524,A,1912
18:08:02.495108,A,1856
18:08:02.537634,A,1843
18:08:03.637224,B,3681
18:08:05.986681,C,4977
18:08:06.034077,C,4932
18:08:06.081674,C,4922
18:08:08.665244,B,3722
18:08:08.702554,B,3778
18:08:11.114213,C,4903
18:08:12.579925,A,1828
18:08:12.620793,A,1842
18:08:12.658927,A,1841
18:08:12.685298,A,1842
18:08:13.737674,B,3734
18:08:13.769423,B,3635
18:08:13.825098,B,3574
18:08:16.147725,C,4942
18:08:16.223869,C,4959
18:08:18.045717,A,1827
18:08:18.906730,B,3723
18:08:19.002778,B,3562
18:08:19.031527,B,3685
18:08:19.281084,B,3671
18:08:21.734635,C,4931
18:08:21.766503,C,4951
18:08:21.835678,C,4987
18:08:21.863470,C,4942
18:08:21.901861,C,4978
18:08:23.778190,A,1786
18:08:24.224622,A,1841
18:08:24.269465,A,1825
18:08:24.313789,A,1848
18:08:24.317998,B,3640
18:08:24.343998,A,1880
18:08:24.344558,B,3667
18:08:24.376524,B,3618
18:08:24.430064,B,3709
18:08:24.498635,B,3785
18:08:24.527202,B,3798
18:08:24.561338,B,3748
18:08:24.600414,B,3736
18:08:24.640903,B,3699
18:08:27.278704,C,4938
18:08:29.372320,A,1870
18:08:29.407921,A,1801
18:08:29.725801,B,3659
18:08:29.783097,B,3892
18:08:34.445256,A,1890
18:08:34.473930,A,1834
18:08:34.507628,A,1850
18:08:34.539318,A,1880
18:08:34.564439,A,1931
18:08:34.590639,A,1842
18:08:37.712935,C,4942
18:08:37.742813,C,4895
18:08:37.809554,C,4902
18:08:37.841465,C,4904
18:08:39.630938,A,1894
18:08:39.829951,B,3911
18:08:39.859677,B,3823
18:08:42.886480,C,4909
18:08:42.918837,C,4922
18:08:44.670465,A,1908
18:08:44.896030,B,3864
18:08:47.955041,C,4923
18:08:47.985614,C,4904
18:08:48.011905,C,4918
18:08:48.047043,C,4879
18:08:48.095674,C,4931
18:08:49.707127,A,1923
18:08:49.735265,A,1904
18:08:49.764683,A,1886
18:08:49.798600,A,1862
18:08:49.826987,A,1826
18:08:49.855483,A,1886
18:08:49.886710,A,1869
18:08:49.930841,B,3878
18:08:53.684723,C,4930
18:08:53.716884,C,4914
18:08:53.768320,C,4928
18:08:53.808929,C,4924
18:08:53.865116,C,4908
18:08:55.217394,B,3859
18:08:55.255451,A,1862
18:08:55.284372,A,1863
18:08:58.897804,C,4934
18:09:00.255163,B,3726
18:09:00.292034,B,3655
18:09:00.321428,B,3738
18:09:00.322707,A,1881
18:09:04.432870,C,4921
18:09:04.463212,C,4917
18:09:05.660463,A,1845
18:09:05.691395,A,1862
18:09:05.727274,B,3630
18:09:05.780558,B,3673
18:09:05.813743,B,3710
18:09:09.503132,C,4912
18:09:10.842793,B,3635
18:09:11.197154,A,1844
18:09:11.228330,A,1919
18:09:11.259302,A,1880
18:09:11.305124,A,1885
18:09:11.332718,A,1876
18:09:11.360381,A,1886
18:09:11.397268,A,1900
18:09:11.451160,A,1840
18:09:11.484744,A,1850
18:09:11.532909,A,1886
18:09:11.562261,A,1895
18:09:11.596337,A,1887
18:09:11.626201,A,1843
18:09:14.533634,C,4920
18:09:14.605264,C,4898
18:09:14.636807,C,4918
18:09:14.691028,C,4923
18:09:16.653900,A,1862
18:09:16.683332,A,1850
18:09:16.737546,A,1905
18:09:16.766076,A,1859
18:09:16.798018,A,1900
18:09:16.838764,A,1888
18:09:16.868112,A,1886
18:09:16.899795,A,1822
18:09:21.330690,B,3702
18:09:21.369941,B,3600
18:09:22.253733,A,1862
18:09:22.287192,A,1858
18:09:22.315139,A,1873
18:09:22.347368,A,1873
18:09:22.379230,A,1872
18:09:22.405764,A,1882
18:09:22.439516,A,1849
18:09:24.740313,C,4885
18:09:26.862509,B,3701
18:09:26.909898,B,3669
18:09:26.951821,B,3701
18:09:26.976513,B,3665
18:09:27.013756,B,3665
18:09:27.042322,B,3679
18:09:27.092954,B,3674
18:09:27.129935,B,3716
18:09:32.491216,A,1864
18:09:32.701499,B,3689
18:09:34.777506,C,4888
18:09:34.812282,C,4924
18:09:34.841668,C,4907
18:09:37.739225,B,4654
18:09:37.775139,B,4491
18:09:37.813446,B,4491
18:09:37.855425,B,4542
18:09:37.880660,B,4496
18:09:37.916645,A,1882
18:09:37.948697,A,1919
18:09:37.981552,A,1915
18:09:39.878443,C,4904
18:09:39.909495,C,4914
18:09:42.929519,B,4490
18:09:42.959179,B,4542
18:09:43.018048,A,1864
18:09:43.049965,A,1874
18:09:43.078725,A,1895
18:09:43.120421,A,1945
18:09:43.154520,A,1895
18:09:45.293495,C,4902
18:09:45.320433,C,4916
18:09:48.194833,A,1909
18:09:48.364004,B,4481
18:09:50.352194,C,4923
18:09:50.396091,C,4914
18:09:50.439883,C,4928
18:09:50.475913,C,4943
18:09:53.398156,B,3703
18:09:53.592468,A,1864
18:09:55.515126,C,4929
18:09:58.630041,A,1874
18:10:00.961025,C,4902
18:10:03.444688,B,3600
18:10:03.480118,B,3674
18:10:03.509602,B,3715
18:10:03.666104,A,1892
18:10:08.546264,B,3666
18:10:08.581835,B,3665
18:10:08.616810,B,3671
18:10:08.706172,A,1929
18:10:11.013641,C,4907
18:10:11.049863,C,4912
18:10:14.167253,B,3712
18:10:14.190856,B,3654
18:10:14.218883,B,3607
18:10:16.321398,C,4902
18:10:18.742924,A,1855
18:10:18.784938,A,1860
18:10:18.857121,A,1897
18:10:18.885008,A,1883
18:10:19.706790,B,3627
18:10:19.741468,B,5527
18:10:19.772363,B,5519
18:10:19.802206,B,5505
18:10:19.830187,B,4423
18:10:19.855844,B,3833
18:10:19.907148,B,3797
18:10:19.940406,B,3757
18:10:23.921825,A,1850
18:10:25.687042,B,3730
18:10:25.856434,B,3619
18:10:26.366110,C,4916
18:10:29.221571,A,1869
18:10:31.372267,B,3675
18:10:31.400529,C,4921
18:10:31.405651,B,3764
18:10:31.435007,C,4930
18:10:31.438421,B,4512
18:10:31.471023,B,4388
18:10:34.261209,A,1908
18:10:34.300167,A,1921
18:10:36.465038,C,4898
18:10:39.337347,A,1864
18:10:39.379531,A,1949
18:10:41.510882,C,4893
18:10:41.517304,B,3749
18:10:41.542028,C,4888
18:10:41.555885,B,3815
18:10:41.579709,C,4894
18:10:44.404235,A,1926
18:10:44.428693,A,1930
18:10:44.457002,A,1883
18:10:46.593576,B,3761
18:10:46.629481,C,4902
18:10:46.658650,B,3780
18:10:46.734368,C,4924
18:10:46.767677,B,3694
18:10:46.813303,B,3713
18:10:49.834677,A,1896
18:10:52.264859,B,3758
18:10:52.375599,B,3646
18:10:52.416078,B,3666
18:10:54.873695,A,1873
18:10:57.180789,C,4898
18:10:57.213319,C,4916
18:10:57.452586,B,3702
18:10:59.958718,A,1902
18:11:02.490064,B,3713
18:11:02.552261,B,3726
18:11:02.599489,B,3713
18:11:02.629749,B,3727
18:11:02.666925,B,3754
18:11:02.720036,B,3705
18:11:02.757631,B,3758
18:11:04.994602,A,1865
18:11:05.038290,A,1893
18:11:07.262610,C,4898
18:11:08.334829,B,3703
18:11:08.575635,B,3718
18:11:10.389116,A,1879
18:11:12.300352,C,4880
18:11:13.612637,B,3713
18:11:17.369821,C,4906
18:11:18.643824,B,3693
18:11:20.832435,A,1924
18:11:20.900731,A,1931
18:11:24.181662,B,3730
18:11:24.266266,B,3699
18:11:24.299703,B,3661
18:11:24.360125,B,3699
18:11:24.388159,B,3686
18:11:24.429832,B,3694
18:11:24.463492,B,3667
18:11:25.934978,A,1920
18:11:25.995897,A,1932
18:11:26.027099,A,1922
18:11:26.055503,A,1930
18:11:26.093877,A,1934
18:11:26.125475,A,1904
18:11:26.155723,A,1906
18:11:27.899605,C,4899
18:11:30.047708,B,3675
18:11:30.080869,B,3733
18:11:30.114126,B,3710
18:11:30.152847,B,3703
18:11:30.203397,B,3713
18:11:30.251781,B,3740
18:11:31.187855,A,1884
18:11:33.427960,C,4908
18:11:35.295533,B,3722
18:11:35.347954,B,3658
18:11:36.225163,A,1949
18:11:38.482938,C,4943
18:11:40.388143,B,3714
18:11:40.439637,B,3667
18:11:40.465735,B,3705
18:11:40.503759,B,3695
18:11:41.257473,A,1940
18:11:41.315435,A,1912
18:11:43.874410,C,4926
18:11:46.023921,B,3695
18:11:46.059175,B,3686
18:11:46.344774,A,1927
18:11:46.375500,A,1918
18:11:48.906492,C,4944
18:11:48.949476,C,4927
18:11:48.977568,C,4902
18:11:49.029365,C,4907
18:11:49.058743,C,4941
18:11:49.096003,C,4918
18:11:49.131264,C,4918
18:11:49.191825,C,4916
18:11:49.222137,C,4944
18:11:49.259777,C,4935
18:11:51.092798,B,3697
18:11:51.140664,B,3712
18:11:51.411224,A,1880
18:11:54.690398,C,4919
18:11:54.753026,C,4908
18:11:56.171167,B,3706
18:11:56.489151,A,1908
18:11:56.518804,A,1902
18:12:00.153719,C,4950
18:12:00.185083,C,4904
18:12:01.549300,A,1917
18:12:01.693245,B,3592
18:12:05.691382,C,4936
18:12:05.721792,C,4899
18:12:05.773743,C,4927
18:12:05.824698,C,4883
18:12:05.867851,C,4906
18:12:05.900301,C,4899
18:12:05.940362,C,4891
18:12:11.213057,C,4935
18:12:11.272907,C,4930
18:12:11.673987,C,4904
18:12:11.740321,B,3728
18:12:11.838186,A,1908
18:12:11.852774,C,4908
18:12:16.874794,A,1918
18:12:16.912184,C,4908
18:12:16.951273,A,1912
18:12:16.977693,A,1907
18:12:16.983657,C,4924
18:12:17.022725,C,4896
18:12:17.060188,B,3718
18:12:17.103484,B,1220829
18:12:17.108655,C,4851
18:12:17.133882,B,3659
18:12:17.161138,B,3687
18:12:17.194951,B,3727
18:12:17.223451,B,3673
18:12:17.266551,B,3706
18:12:17.308483,B,3691
18:12:17.344623,B,3753
18:12:17.408782,B,3703
18:12:22.006553,A,1877
18:12:22.037542,A,1908
18:12:22.063438,A,1931
18:12:22.094239,A,1918
18:12:22.139330,C,4921
18:12:22.152984,A,1894
18:12:22.196750,A,1912
18:12:22.243507,A,1941
18:12:22.275735,A,1911
18:12:22.445232,B,3695
18:12:22.484713,B,3695
18:12:22.519117,B,3671
18:12:27.177643,C,4913
18:12:27.310449,A,1913
18:12:27.356586,A,1875
18:12:27.560641,B,3655
18:12:27.591521,B,3714
18:12:27.627954,B,3744
18:12:27.662691,B,3705
18:12:27.694631,B,3663
18:12:27.746237,B,3695
18:12:32.212739,C,4918
18:12:32.254280,C,4904
18:12:32.282784,C,4930
18:12:32.309424,C,4928
18:12:32.336303,C,4918
18:12:32.366907,C,4908
18:12:32.390605,A,1911
18:12:32.395790,C,4919
18:12:32.430697,C,4913
18:12:32.492714,C,4900
18:12:33.333729,B,3734
18:12:33.365502,B,3678
18:12:33.403747,B,3670
18:12:33.448810,B,3742
18:12:33.528909,B,3692
18:12:37.940332,C,4924
18:12:37.996610,C,4894
18:12:38.046874,C,4881
18:12:38.102076,C,4919
18:12:38.145633,C,4904
18:12:38.180718,C,4894
18:12:38.216535,C,4912
18:12:38.244516,C,4908
18:12:38.268238,A,1903
18:12:38.283834,C,4904
18:12:38.305467,A,1876
18:12:38.314755,C,4912
18:12:38.344406,C,4908
18:12:38.569931,B,3686
18:12:43.603040,B,3639
18:12:43.786915,A,1907
18:12:43.825758,A,1904
18:12:48.386029,C,4890
18:12:48.422622,C,4987
18:12:48.641424,B,3639
18:12:48.701175,B,3631
18:12:48.741523,B,3714
18:12:48.774799,B,3669
18:12:48.802614,B,3669
18:12:48.833953,B,3677
18:12:48.868416,B,3664
18:12:48.873878,A,1927
18:12:48.933795,B,3641
18:12:54.074337,C,4955
18:12:54.224864,B,3641
18:12:54.243923,C,4900
18:12:54.280923,C,4891
18:12:54.312569,B,3677
18:12:54.378039,B,3681
18:12:54.545028,A,1904
18:12:54.581371,A,1917
18:12:54.614170,A,1899
18:12:59.658884,A,1908
18:12:59.756740,B,3678
18:12:59.783496,C,4885
18:13:04.820125,C,4935
18:13:04.870840,C,4891
18:13:04.903346,C,4942
18:13:09.704733,A,1899
18:13:09.740599,A,1911
18:13:09.775098,A,1931
18:13:09.798835,B,4596
18:13:09.941310,C,4930
18:13:14.818504,A,1927
18:13:14.837205,B,3930
18:13:14.934025,B,3931
18:13:14.987578,C,4913
18:13:19.983441,B,3862
18:13:20.028944,C,4887
18:13:20.077855,C,4914
18:13:20.341927,A,1945
18:13:25.026249,B,3678
18:13:25.386927,A,1908
18:13:30.073613,B,3689
18:13:30.126372,B,3645
18:13:30.160790,C,4919
18:13:30.172683,B,3649
18:13:30.191255,C,4927
18:13:30.210564,B,3719
18:13:30.217127,C,4918
18:13:30.239452,B,3687
18:13:30.245333,C,4908
18:13:30.282082,C,4938
18:13:30.434663,A,1918
18:13:35.281691,B,3691
18:13:35.310810,C,4900
18:13:35.351361,C,4902
18:13:35.365343,B,3748
18:13:35.420155,C,4922
18:13:35.485375,A,1932
18:13:35.515514,A,1927
18:13:35.548308,A,1937
18:13:35.581472,A,1871
18:13:40.618156,A,1912
18:13:40.916214,C,4910
18:13:40.940710,B,3698
18:13:40.947089,C,4924
18:13:40.968084,B,3722
18:13:40.972414,C,4922
18:13:40.998030,B,3703
18:13:40.998600,C,4955
18:13:46.033531,C,4872
18:13:46.063631,C,4930
18:13:46.087571,B,3645
18:13:46.109248,C,4922
18:13:46.118883,B,3626
18:13:46.138854,A,1945
18:13:46.139732,C,4925
18:13:46.152630,B,3626
18:13:46.174768,A,1889
18:13:46.202419,A,1890
18:13:46.224298,B,3634
18:13:46.230580,A,1890
18:13:46.232256,C,4910
18:13:46.283520,A,1943
18:13:46.331640,A,1932
18:13:46.340538,B,3623
18:13:46.343521,C,4952
18:13:46.371571,C,4928
18:13:51.373459,A,1905
18:13:51.378670,B,3636
18:13:51.409967,C,4911
18:13:51.723057,B,3683
18:13:56.446840,C,4910
18:13:56.480689,C,4902
18:13:56.516045,C,4886
18:13:56.550637,C,4910
18:13:56.586781,C,4908
18:13:56.644433,C,4905
18:13:56.689975,C,4897
18:13:56.728664,C,4944
18:13:56.770302,B,3650
18:14:01.528812,A,1899
18:14:01.607580,A,1924
18:14:02.426083,C,4910
18:14:02.457972,B,3798
18:14:02.500769,B,3787
18:14:02.536943,B,3789
18:14:07.952758,C,4881
18:14:07.997480,C,4886
18:14:08.050123,C,4904
18:14:08.080208,C,4934
18:14:11.657899,A,1900
18:14:11.691783,A,1955
18:14:13.114154,C,4892
18:14:13.182595,C,4908
18:14:16.732011,A,1876
18:14:18.232114,C,4910
18:14:18.311163,C,4905
18:14:18.340668,C,4932
18:14:18.400502,B,3768
18:14:21.776424,A,1910
18:14:23.928498,B,3692
18:14:23.937185,C,4914
18:14:23.982913,C,4932
18:14:24.020901,C,4934
18:14:26.998116,A,1917
18:14:27.038407,A,1938
18:14:27.101189,A,1913
18:14:27.132060,A,1908
18:14:27.162583,A,1896
18:14:27.196916,A,1886
18:14:29.101563,C,4897
18:14:29.160227,C,4941
18:14:29.191686,C,4881
18:14:29.225272,C,4940
18:14:29.254804,C,4911
18:14:29.302285,C,4911
18:14:29.348346,C,4914
18:14:29.437780,C,4911
18:14:29.462638,B,3650
18:14:32.227002,A,1913
18:14:34.499757,B,3645
18:14:34.519599,C,4933
18:14:34.556902,C,4908
18:14:34.591945,C,4941
18:14:37.272950,A,1896
18:14:39.545338,B,4009
18:14:39.633340,C,4894
18:14:39.667484,C,4924
18:14:39.709375,C,4914
18:14:44.584155,B,4016
18:14:44.620640,B,4070
18:14:44.742351,C,4938
18:14:44.773366,C,4881
18:14:44.829134,C,4948
18:14:47.319988,A,1862
18:14:49.658701,B,4055
18:14:49.878138,C,4927
18:14:52.365464,A,1896
18:14:52.442354,A,1877
18:14:52.503165,A,1923
18:14:52.533663,A,1872
18:14:52.608021,A,1908
18:14:52.636317,A,1894
18:14:54.702904,B,4099
18:14:54.757750,B,4244
18:14:54.817533,B,4242
18:14:54.870711,B,4290
18:14:54.904975,B,4253
18:14:54.916783,C,4902
18:14:54.967060,B,4275
18:14:54.995551,B,4264
18:14:55.163661,B,4234
18:14:55.459557,C,4911
18:15:00.507644,C,4896
18:15:00.547898,C,4927
18:15:00.595835,C,4891
18:15:00.641993,C,4928
18:15:00.684308,C,4942
18:15:00.791772,B,4276
18:15:02.681726,A,1905
18:15:02.769013,A,1905
18:15:02.805853,A,1890
18:15:06.625373,C,4914
18:15:06.740100,C,4906
18:15:06.772899,C,4902
18:15:06.810414,C,4910
18:15:08.172113,A,1937
18:15:08.210057,A,1904
18:15:08.255785,A,1924
18:15:11.401237,B,3853
18:15:11.584686,B,3793
18:15:11.625909,B,3839
18:15:11.665957,B,3785
18:15:11.696595,B,3825
18:15:11.734213,B,3867
18:15:11.781677,B,3848
18:15:11.822102,B,3817
18:15:11.853746,C,4930
18:15:11.936218,B,3820
18:15:12.274948,C,4902
18:15:13.695152,A,1927
18:15:18.737808,A,1892
18:15:22.315521,C,4928
18:15:22.358386,C,4928
18:15:22.386456,C,4924
18:15:22.606696,B,3840
18:15:23.797512,A,1900
18:15:23.838373,A,1888
18:15:23.879717,A,1947
18:15:23.915581,A,1916
18:15:23.945716,A,1927
18:15:23.977265,A,1897
18:15:24.027441,A,1925
18:15:24.071937,A,1892
18:15:24.104473,A,1915
18:15:24.138804,A,1910
18:15:24.170918,A,1908
18:15:27.649198,B,3737
18:15:27.687349,B,3720
18:15:27.825708,C,4919
18:15:29.781929,A,1892
18:15:29.994830,A,1911
18:15:32.889522,C,4889
18:15:32.927510,C,4936
18:15:32.957564,C,4914
18:15:35.031821,A,1927
18:15:37.976080,B,3736
18:15:38.199364,B,3698
18:15:38.276067,C,4902
18:15:38.336682,C,4900
18:15:38.366248,C,4933
18:15:40.124834,A,1910
18:15:40.161049,A,1882
18:15:40.188472,A,1882
18:15:40.233389,A,1891
18:15:40.266729,A,1938
18:15:40.296828,A,1896
18:15:40.328982,A,1902
18:15:40.370411,A,1899
18:15:40.404642,A,1911
18:15:40.447016,A,1900
18:15:43.235189,B,3748
18:15:43.402800,C,4919
18:15:45.486727,A,1919
18:15:45.530135,A,1896
18:15:45.619864,A,1931
18:15:45.695953,A,1878
18:15:45.736362,A,1908
18:15:45.826231,A,1886
18:15:45.889221,A,1913
18:15:45.937499,A,1886
18:15:45.982323,A,1896
18:15:46.007180,A,1917
18:15:46.035063,A,1924
18:15:46.066008,A,1904
18:15:46.097651,A,1902
18:15:46.123918,A,1916
18:15:46.159415,A,1867
18:15:46.199059,A,1896
18:15:46.255090,A,1877
18:15:48.271589,B,3507
18:15:48.327021,B,3659
18:15:48.390100,B,3580
18:15:48.436631,B,3677
18:15:48.438651,C,4897
18:15:51.297315,A,1929
18:15:51.335572,A,1919
18:15:51.367487,A,1937
18:15:51.395880,A,1900
18:15:51.433605,A,1905
18:15:51.462980,A,1897
18:15:51.498201,A,1896
18:15:53.486566,C,4897
18:15:53.531969,C,4911
18:15:56.535607,A,1891
18:15:58.856328,C,4900
18:15:58.867820,B,3686
18:15:58.908224,C,4911
18:15:58.944043,C,4934
18:15:58.974016,C,4971
18:15:59.023089,C,4948
18:15:59.062681,C,4944
18:15:59.092707,C,4914
18:15:59.129848,C,4918
18:15:59.189665,C,4947
18:15:59.240756,C,4910
18:15:59.263879,B,3728
18:15:59.281423,C,4864
18:15:59.295464,B,3750
18:15:59.323198,B,3792
18:16:01.566978,A,2018
18:16:01.593681,A,1952
18:16:01.621287,A,1943
18:16:01.695787,A,1936
18:16:01.728399,A,1969
18:16:04.311470,C,4911
18:16:04.362896,B,3820
18:16:04.384776,C,4947
18:16:04.402134,B,3797
18:16:04.446485,B,3859
18:16:04.486234,B,3765
18:16:04.517138,B,3791
18:16:04.553005,B,3793
18:16:04.596791,B,3792
18:16:04.634608,B,3775
18:16:06.763377,A,1930
18:16:06.842511,A,1925
18:16:12.371840,A,1947
18:16:12.404936,A,1991
18:16:14.438763,C,4918
18:16:14.678970,B,3783
18:16:19.718968,B,3821
18:16:19.746631,C,4927
18:16:19.781049,C,4908
18:16:19.818320,C,4913
18:16:22.818972,A,1971
18:16:22.908704,A,2018
18:16:22.946605,A,1967
18:16:22.980076,A,2004
18:16:24.756512,B,3819
18:16:24.789894,B,3746
18:16:24.840205,B,3853
18:16:24.857636,C,4892
18:16:24.889829,C,4889
18:16:24.919953,C,4957
18:16:30.188774,B,3773
18:16:33.568843,A,2030
18:16:33.602996,A,1984
18:16:35.224989,B,3848
18:16:35.413617,C,4936
18:16:35.451031,C,4891
18:16:35.480989,C,4905
18:16:35.512409,C,4905
18:16:38.637746,A,1977
18:16:38.678904,A,1973
18:16:38.717714,A,2007
18:16:40.549556,C,4905
18:16:40.586829,C,4900
18:16:40.617824,C,4957
18:16:40.631907,B,3712
18:16:40.649507,C,4884
18:16:40.667373,B,3784
18:16:40.697253,B,3756
18:16:40.731084,B,3743
18:16:40.756300,B,3801
18:16:43.760655,A,1990
18:16:43.804620,A,2008
18:16:43.841791,A,2033
18:16:45.812637,B,3829
18:16:46.216803,C,4902
18:16:46.497167,C,4910
18:16:46.536851,C,4903
18:16:46.572177,C,4892
18:16:46.604304,C,4898
18:16:46.636815,C,4897
18:16:49.234732,A,2051
18:16:49.274113,A,1971
18:16:49.315533,A,1941
18:16:51.670724,C,4906
18:16:51.713473,C,4906
18:16:54.349430,A,1966
18:16:55.856291,B,3793
18:16:55.890061,B,3775
18:16:56.924018,C,4911
18:16:59.690324,A,1988
18:16:59.736447,A,1961
18:16:59.770601,A,1972
18:16:59.815856,A,1935
18:16:59.845447,A,1967
18:16:59.901033,A,1959
18:16:59.938065,A,1944
18:16:59.965894,A,1943
18:17:01.220332,B,3813
18:17:02.142543,C,4870
18:17:05.717019,A,1944
18:17:06.175853,A,1855
18:17:06.256142,B,3848
18:17:06.290281,B,3896
18:17:06.334479,B,3911
18:17:06.399172,B,3906
18:17:06.429691,B,3887
18:17:06.462838,B,3925
18:17:06.489592,B,3906
18:17:06.536381,B,3925
18:17:06.583770,B,3835
18:17:06.619798,B,3878
18:17:06.666807,B,3854
18:17:06.711884,B,3915
18:17:11.211292,A,1996
18:17:11.251194,A,1952
18:17:11.285327,A,1919
18:17:11.309284,A,1898
18:17:11.760131,B,3878
18:17:11.789902,B,3852
18:17:12.191423,C,4892
18:17:16.585442,A,1895
18:17:16.621613,A,1935
18:17:16.819498,B,3870
18:17:21.661003,A,1917
18:17:21.704792,A,1916
18:17:21.736751,A,1911
18:17:21.870391,B,3832
18:17:21.902059,B,3840
18:17:22.721230,C,4919
18:17:26.770615,A,1906
18:17:26.811940,A,1943
18:17:26.837969,A,1944
18:17:26.929174,B,3784
18:17:28.419160,C,4887
18:17:28.589229,C,4948
18:17:32.244085,B,3674
18:17:32.247542,A,1917
18:17:32.285037,B,3643
18:17:33.623372,C,4870
18:17:33.649486,C,4930
18:17:33.679117,C,4917
18:17:33.748605,C,4894
18:17:33.783496,C,4926
18:17:37.975335,A,1912
18:17:37.980880,B,3720
18:17:38.403065,B,3626
18:17:38.410315,A,1939
18:17:38.441936,A,1952
18:17:38.498330,A,1930
18:17:38.526894,A,1921
18:17:38.563053,A,1929
18:17:38.595545,A,1911
18:17:38.623327,A,1939
18:17:38.670235,A,1906
18:17:38.703072,A,1916
18:17:38.852173,C,4906
18:17:38.919369,C,4936
18:17:38.951588,C,4938
18:17:43.450780,B,3626
18:17:43.487006,B,3646
18:17:43.524841,B,3712
18:17:43.596543,B,3696
18:17:43.633973,B,3654
18:17:43.662899,B,3671
18:17:43.738631,A,1935
18:17:44.583135,C,4969
18:17:44.861618,C,4894
18:17:49.342351,A,1925
18:17:49.781855,A,1902
18:17:49.901347,C,4876
18:17:50.064385,B,3752
18:17:50.102572,B,3772
18:17:54.815649,A,1921
18:17:54.886331,A,1921
18:17:54.920004,A,1911
18:17:54.933883,C,5015
18:18:00.134457,B,3804
18:18:00.194162,B,3718
18:18:00.235091,B,3712
18:18:00.264567,B,3752
18:18:00.305345,B,3681
18:18:00.506869,C,4925
18:18:00.512849,A,1927
18:18:00.537017,C,4895
18:18:05.556214,A,1925
18:18:05.577953,C,4916
18:18:05.590992,A,1921
18:18:05.631071,A,1923
18:18:05.687418,A,1896
18:18:05.729259,A,1897
18:18:05.737422,B,3663
18:18:05.799532,A,1916
18:18:05.854739,B,3884
18:18:05.896275,B,3906
18:18:05.971369,B,3909
18:18:10.665819,C,4920
18:18:10.828678,A,1925
18:18:11.004494,B,3842
18:18:15.701449,C,4911
18:18:15.867168,A,1924
18:18:15.917481,A,1919
18:18:15.970216,A,1917
18:18:16.027718,A,1929
18:18:16.037495,B,3973
18:18:16.074346,A,1902
18:18:16.113940,A,1912
18:18:16.146718,A,1935
18:18:16.218272,A,1925
18:18:16.288997,B,4296
18:18:16.359848,B,3640
18:18:16.398577,B,3864
18:18:16.430621,B,3925
18:18:16.466485,B,3973
18:18:16.501039,B,3912
18:18:16.532319,B,3972
18:18:20.748323,C,4916
18:18:21.568084,B,3937
18:18:21.716699,A,1906
18:18:21.744987,A,1911
18:18:21.778967,A,1916
18:18:21.819322,A,1927
18:18:21.850990,A,1916
18:18:26.327536,C,4922
18:18:26.353650,C,4931
18:18:26.383403,C,4931
18:18:26.419897,C,4917
18:18:26.454188,C,4914
18:18:26.519181,C,4958
18:18:27.033966,A,1924
18:18:27.070913,A,1935
18:18:31.843021,C,4894
18:18:31.900491,B,3680
18:18:31.934896,B,3708
18:18:32.046373,B,3703
18:18:32.091241,B,3718
18:18:32.103388,A,1910
18:18:32.131826,A,1892
18:18:32.175627,A,1902
18:18:32.270449,B,3781
18:18:32.370383,B,3837
18:18:32.470134,B,3913
18:18:32.551003,B,3852
18:18:37.216670,A,1892
18:18:37.250474,A,1925
18:18:37.283316,A,1908
18:18:37.375635,C,4922
18:18:37.584796,B,3858
18:18:37.721843,B,3867
18:18:37.764130,B,3870
18:18:37.853047,B,5294
18:18:38.721711,B,3885
18:18:38.942264,B,3962
18:18:43.976315,B,3963
18:18:44.054371,B,3681
18:18:44.120479,B,3806
18:18:44.208789,B,3678
18:18:47.938736,A,1911
18:18:48.152392,C,4894
18:18:48.174298,A,1898
18:18:48.231074,C,4964
18:18:49.254904,B,3714
18:18:53.271235,C,4959
18:18:54.885429,B,3729
18:18:54.941050,B,3862
18:18:55.006521,B,3984
18:18:55.064078,B,4465
18:18:58.217459,A,1919
18:19:00.121167,B,3862
18:19:03.801158,C,4932
18:19:03.803495,A,1908
18:19:03.837342,C,4952
18:19:03.873591,C,4926
18:19:05.161756,B,3832
18:19:05.190824,B,3803
18:19:05.234421,B,3840
18:19:05.268111,B,3804
18:19:05.298153,B,3787
18:19:05.328469,B,3742
18:19:05.365429,B,3784
18:19:05.404977,B,3775
18:19:05.440125,B,3799
18:19:09.521867,A,1889
18:19:09.972933,A,1935
18:19:10.253562,C,4934
18:19:10.302709,C,4912
18:19:10.483843,B,3746
18:19:10.521254,B,3746
18:19:10.558966,B,3729
18:19:15.009088,A,1903
18:19:15.046778,A,1916
18:19:15.597353,B,3777
18:19:20.688354,C,4903
18:19:20.729352,C,4894
18:19:25.619049,A,1916
18:19:25.641974,B,3746
18:19:25.668312,B,3748
18:19:25.704824,B,3732
18:19:25.747829,B,3762
18:19:25.765815,C,4912
18:19:25.801095,C,4894
18:19:25.812047,B,3743
18:19:25.857654,B,3749
18:19:30.659432,A,1908
18:19:30.840360,C,4942
18:19:30.886235,C,4903
18:19:30.895798,B,3757
18:19:35.697427,A,1880
18:19:35.801392,A,1925
18:19:35.923281,C,4931
18:19:35.937747,B,3819
18:19:35.998624,B,3785
18:19:36.049633,B,3779
18:19:36.105881,B,3803
18:19:36.139029,B,3799
18:19:36.184484,B,3818
18:19:36.216498,B,3766
18:19:36.314716,B,3795
18:19:36.697454,B,3762
18:19:40.835551,A,1911
18:19:40.872463,A,1906
18:19:40.973219,C,4912
18:19:41.002061,C,4922
18:19:41.035162,C,4881
18:19:41.073214,C,4931
18:19:41.107329,C,4934
18:19:42.395123,B,3760
18:19:43.114184,B,3812
18:19:43.192948,B,3803
18:19:46.497542,C,4937
18:19:46.526539,C,4971
18:19:46.557762,C,4942
18:19:48.642224,B,3765
18:19:48.683848,B,3757
18:19:48.785191,B,3803
18:19:50.914476,A,1912
18:19:52.022041,C,4915
18:19:52.058198,C,4917
18:19:52.089134,C,4942
18:19:52.177366,C,4911
18:19:52.243962,C,4922
18:19:54.683333,B,3818
18:19:55.117968,B,3808
18:19:55.150498,B,3763
18:19:55.187058,B,3771
18:19:56.324729,A,1908
18:19:56.362850,A,1925
18:19:56.400342,A,1908
18:19:56.436424,A,1905
18:19:56.468142,A,1922
18:19:56.502796,A,1911
18:19:56.534683,A,1912
18:19:56.566936,A,1878
18:19:56.606112,A,1900
18:19:57.287321,C,4908
18:19:57.326785,C,4926
18:19:57.385572,C,4926
18:19:57.428223,C,4931
18:20:00.624535,B,3756
18:20:00.669110,B,3866
18:20:00.705617,B,3868
18:20:02.372552,A,1912
18:20:02.477333,C,4932
18:20:02.509692,C,4950
18:20:02.836413,A,1927
18:20:02.873758,A,1898
18:20:02.950502,A,1889
18:20:02.989974,A,1897
18:20:03.026758,A,1895
18:20:03.071326,A,1898
18:20:08.199409,C,4920
18:20:08.814196,A,1908
18:20:09.431114,C,4912
18:20:10.043845,A,1898
18:20:10.454947,C,4920
18:20:10.506834,A,1917
18:20:10.561259,C,4922
18:20:10.748946,B,3859
18:20:10.787802,B,3874
18:20:10.829443,B,3878
18:20:10.874152,B,3895
18:20:10.954261,B,3851
18:20:11.014038,B,3854
18:20:15.984714,C,4914
18:20:16.050377,B,3870
18:20:20.908723,A,1916
18:20:20.940483,A,1908
18:20:20.975511,A,1903
18:20:21.010254,A,1917
18:20:21.019338,C,4946
18:20:21.043488,A,1909
18:20:21.075684,A,1900
18:20:21.089373,B,3846
18:20:21.111610,A,1889
18:20:21.149200,A,1894
18:20:26.231759,A,1908
18:20:26.267303,A,1906
18:20:26.304402,A,1917
18:20:26.338271,A,1908
18:20:26.369889,A,1870
18:20:26.428540,B,3871
18:20:26.433490,C,4931
18:20:26.462869,C,4897
18:20:26.480852,B,3762
18:20:26.496400,A,1903
18:20:26.499314,C,4912
18:20:26.513153,B,3730
18:20:26.536574,A,1872
18:20:26.551636,C,4900
18:20:26.555362,B,3714
18:20:26.596284,C,4934
18:20:26.636392,B,3819
18:20:31.959434,C,4945
18:20:32.006644,C,4959
18:20:32.281469,A,1916
18:20:32.311995,A,1915
18:20:36.682196,B,3812
18:20:37.037314,C,4902
18:20:37.076182,C,4951
18:20:37.121303,C,4900
18:20:37.158513,C,4914
18:20:37.192619,C,4903
18:20:37.227089,C,4937
18:20:42.357129,A,1925
18:20:42.387990,A,1908
18:20:47.268605,C,4931
18:20:47.315690,C,4932
18:20:47.325783,B,3592
18:20:47.348828,C,4922
18:20:47.417765,C,4942
18:20:47.421095,B,3758
18:20:47.429862,A,1902
18:20:47.462767,C,4885
18:20:47.481450,B,3835
18:20:47.501134,C,4936
18:20:47.512793,B,3823
18:20:47.537848,C,4881
18:20:52.856741,B,3805
18:20:52.858365,C,4936
18:20:52.898458,A,1906
18:20:52.903473,C,4924
18:20:52.929439,A,1898
18:20:52.931844,C,4946
18:20:52.935975,B,3862
18:20:52.978819,B,3852
18:20:53.287088,C,4964
18:20:58.441744,A,1900
18:20:58.450023,B,3893
18:20:58.892331,C,4931
18:20:59.503631,A,30
18:21:00.120167,C,4904
18:21:00.587323,B,3837
18:21:00.592203,C,4928
18:21:00.620947,A,1916
18:21:00.625371,C,4930
18:21:00.669950,C,4918
18:21:00.701761,C,4910
18:21:00.739231,C,4948
18:21:00.777942,C,4926
18:21:00.844277,C,4915
18:21:05.618500,B,3799
18:21:05.655556,A,1908
18:21:10.661080,B,3815
18:21:10.698456,A,1890
18:21:10.700531,B,3807
18:21:10.931804,C,4931
18:21:15.739933,B,3807
18:21:15.976202,C,4923
18:21:21.040197,C,4926
18:21:21.120199,B,3729
18:21:21.511542,A,1900
18:21:26.949516,A,1904
18:21:31.560193,B,3702
18:21:31.561550,C,4931
18:21:31.586689,B,3688
18:21:31.623712,B,3703
18:21:31.653440,B,3685
18:21:31.984502,A,1895
18:21:36.609292,C,4924
18:21:37.393714,A,1930
18:21:42.107908,C,4929
18:21:42.353274,C,4983
18:21:42.394814,C,4924
18:21:42.425843,C,4942
18:21:42.429773,A,1890
18:21:42.454042,C,4951
18:21:42.463043,A,1909
18:21:42.481440,C,4936
18:21:42.629649,B,3935
18:21:42.667519,B,3785
18:21:42.713213,B,3821
18:21:42.755264,B,3805
18:21:42.809539,B,3721
18:21:42.858254,B,3743
18:21:47.557452,C,4931
18:21:47.673493,C,4894
18:21:47.711438,C,4937
18:21:47.739294,C,4900
18:21:47.910188,B,3705
18:21:47.953374,B,3726
18:21:52.767043,A,1936
18:21:52.801779,A,1898
18:21:53.090518,B,3710
18:21:53.125956,B,3762
18:21:53.177666,B,3729
18:21:53.235149,B,3730
18:21:54.026826,C,4917
18:21:54.074558,C,4940
18:21:58.135740,A,1917
18:21:58.222905,A,1881
18:21:59.107975,C,4950
18:21:59.142952,C,4945
18:21:59.196853,C,4904
18:21:59.240655,C,4943
18:21:59.268983,C,4937
18:22:03.254026,A,1904
18:22:03.293822,B,3693
18:22:03.305639,A,1928
18:22:03.336057,A,1936
18:22:03.338032,B,3890
18:22:03.371462,B,3945
18:22:03.372537,A,1923
18:22:03.404189,B,3890
18:22:03.407887,A,1936
18:22:03.440304,A,1936
18:22:03.476746,A,1950
18:22:03.524010,A,1927
18:22:03.555597,A,1947
18:22:03.580567,A,1908
18:22:03.615094,A,1887
18:22:03.644579,A,1939
18:22:03.674325,A,1900
18:22:03.720015,A,1953
18:22:03.766952,A,1928
18:22:04.306981,C,4940
18:22:08.448620,B,3939
18:22:13.810477,A,1927
18:22:13.954548,B,3902
18:22:14.572732,C,4961
18:22:18.847681,A,1818
18:22:18.892166,A,1941
18:22:18.918309,A,1919
18:22:18.994612,B,4002
18:22:20.107569,C,4926
18:22:24.408113,A,1937
18:22:25.627388,C,4995
18:22:29.041315,B,3697
18:22:30.660733,C,4964
18:22:34.449246,A,1862
18:22:34.485790,A,1959
18:22:34.528790,A,1979
18:22:34.535888,B,3641
18:22:34.563294,B,3646
18:22:34.590250,B,3646
18:22:34.607724,A,1956
18:22:34.643282,A,1983
18:22:36.073666,C,4924
18:22:39.625550,B,3665
18:22:39.663754,B,3613
18:22:39.669647,A,1964
18:22:39.705467,A,2209
18:22:41.604717,C,4753
18:22:41.657520,C,4875
18:22:41.692717,C,4865
18:22:41.802163,C,4834
18:22:41.841151,C,4881
18:22:41.870879,C,4912
18:22:41.897440,C,4936
18:22:41.924517,C,4942
18:22:41.958230,C,4983
18:22:44.978831,A,2144
18:22:45.016396,A,2710
18:22:45.302667,B,3519
18:22:45.334896,B,3560
18:22:45.372983,B,3580
18:22:45.425962,B,3600
18:22:45.454527,B,3574
18:22:45.486323,B,3580
18:22:45.519979,B,3593
18:22:50.053198,A,2753
18:22:50.823488,B,3599
18:22:50.868774,B,3627
18:22:52.001771,C,4977
18:22:52.057700,C,4965
18:22:52.083983,C,4978
18:22:52.112060,C,4978
18:22:52.142190,C,4969
18:22:52.177069,C,4969
18:22:52.211058,C,4975
18:22:55.088511,A,1930
18:22:56.345499,B,3580
18:22:56.377987,B,3654
18:22:57.256237,C,4959
18:23:01.415519,B,3645
18:23:05.137584,A,1931
18:23:06.459865,B,3502
18:23:07.308851,C,4922
18:23:07.338999,C,5082
18:23:07.366749,C,5161
18:23:07.453000,C,5133
18:23:07.501251,C,5115
18:23:07.530805,C,5082
18:23:10.184159,A,2378
18:23:10.240797,A,2394
18:23:10.279278,A,2350
18:23:10.305975,A,2388
18:23:10.338884,A,2363
18:23:12.018169,B,4020
18:23:12.560249,C,5156
18:23:15.701234,A,2339
18:23:15.759247,A,2432
18:23:15.797379,A,2416
18:23:17.696989,B,3963
18:23:17.861265,C,5181
18:23:17.878463,B,3561
18:23:17.896216,C,5175
18:23:18.158887,C,5178
18:23:18.213516,C,5183
18:23:22.919650,B,3584
18:23:23.253301,C,5189
18:23:23.287136,C,5241
18:23:23.323834,C,5241
18:23:23.358905,C,5237
18:23:23.389679,C,5158
18:23:23.419298,C,5249
18:23:23.452714,C,5170
18:23:23.485662,C,5227
18:23:26.146750,A,2428
18:23:27.955958,B,3659
18:23:28.525347,C,5212
18:23:28.564367,C,5024
18:23:28.599239,C,5015
18:23:28.645097,C,4992
18:23:31.185029,A,2378
18:23:33.678328,C,5001
18:23:33.715190,C,5020
18:23:33.746883,C,5008
18:23:33.788038,C,5033
18:23:33.859279,C,4977
18:23:36.227441,A,2283
18:23:36.290302,A,2286
18:23:38.436659,B,3887
18:23:39.355985,C,5006
18:23:41.813135,A,2302
18:23:43.964810,B,3742
18:23:44.000221,B,3653
18:23:44.031656,B,3704
18:23:44.071637,B,3659
18:23:44.102441,B,3677
18:23:44.135754,B,3676
18:23:44.388898,C,5175
18:23:44.427718,C,5128
18:23:44.454341,C,5139
18:23:47.343574,A,2316
18:23:47.378670,A,2319
18:23:47.445831,A,2360
18:23:47.489097,A,2380
18:23:47.523888,A,2380
18:23:49.493616,B,3662
18:23:49.498458,C,5150
18:23:49.532276,C,5183
18:23:49.581230,C,5134
18:23:49.617102,C,5151
18:23:52.872676,A,2379
18:23:52.910156,A,2274
18:23:55.021579,B,4140
18:23:57.951476,A,2357
18:23:57.987710,A,2136
18:23:58.018648,A,2124
18:23:59.651623,C,5139
18:24:00.052126,B,3513
18:24:03.050709,A,2118
18:24:05.160024,C,5347
18:24:05.191740,C,5033
18:24:10.234878,C,5052
18:24:10.385657,B,3712
18:24:11.304519,B,2895
18:24:13.104796,A,4003
18:24:13.151607,A,3717
18:24:13.185929,A,3723
18:24:13.234564,A,3748
18:24:13.267849,A,3679
18:24:13.294867,A,3724
18:24:13.455085,B,2839
18:24:15.271018,C,5551
18:24:18.346809,A,3730
18:24:18.413203,A,4235
18:24:20.308589,C,5522
18:24:20.347451,C,3907
18:24:20.378495,C,3888
18:24:23.458687,A,4102
18:24:23.497065,A,3198
18:24:23.502686,B,3232
18:24:23.533280,B,2022
18:24:23.578119,B,2000
18:24:23.611390,B,2006
18:24:25.420801,C,3873
18:24:25.453331,C,3942
18:24:28.670268,B,1981
18:24:28.708653,B,2048
18:24:28.817794,A,3218
18:24:28.864438,A,3200
18:24:30.966020,C,3917
18:24:31.031503,C,3887
18:24:31.082820,C,3907
18:24:31.113082,C,3900
18:24:33.910157,A,3182
18:24:33.945057,A,3340
18:24:33.977161,A,3345
18:24:34.009894,A,3332
18:24:34.036738,B,2141
18:24:36.151291,C,3895
18:24:39.054418,A,3370
18:24:39.078750,B,1866
18:24:39.089404,A,3393
18:24:39.117178,A,3436
18:24:39.121525,B,1971
18:24:41.191333,C,3870
18:24:41.256241,C,3518
18:24:44.181947,A,3459
18:24:44.222108,A,2829
18:24:44.258991,A,2768
18:24:46.334020,C,3423
18:24:49.229309,B,2316
18:24:49.272008,B,1663
18:24:49.299126,A,2800
18:24:49.303922,B,1666
18:24:49.334451,B,1606
18:24:49.348475,A,3331
18:24:49.359920,B,1703
18:24:49.409304,B,1665
18:24:49.479065,A,3181
18:24:49.517537,A,3151
18:24:51.370764,C,2555
18:24:55.858564,A,3239
18:24:55.895088,A,2884
18:24:55.965563,A,2881
18:24:55.997240,A,2845
18:24:56.079295,A,2861
18:24:56.114068,A,2815
18:24:56.471648,C,3722
18:24:56.974916,B,1692
18:25:01.523295,C,2650
18:25:01.567356,C,2569
18:25:01.684061,A,2820
18:25:01.712005,A,2948
18:25:01.750367,A,2906
18:25:01.786415,A,2899
18:25:01.816434,A,2918
18:25:02.013616,B,2657
18:25:02.047773,B,2404
18:25:07.085518,B,2391
18:25:07.218458,A,2923
18:25:07.281866,A,2702
18:25:07.332828,A,2693
18:25:07.568740,C,2859
18:25:12.437640,B,2396
18:25:12.467649,B,2489
18:25:12.605365,C,2846
18:25:12.641325,C,2769
18:25:12.671845,C,2719
18:25:17.377650,A,2674
18:25:17.502789,B,2497
18:25:17.557911,B,2454
18:25:23.190099,C,2779
18:25:23.263693,C,2940
18:25:23.296266,C,2949
18:25:23.323908,C,2979
18:25:23.355803,C,2957
18:25:23.385923,C,2935
18:25:23.414598,C,2957
18:25:27.604197,B,2438
18:25:27.801596,A,2690
18:25:29.229598,C,2956
18:25:29.952849,C,2582
18:25:32.835258,A,2862
18:25:32.908497,A,4443
18:25:34.988732,C,2560
18:25:35.023483,C,4608
18:25:35.055145,C,4567
18:25:35.094768,C,4643
18:25:35.132780,C,4622
18:25:35.190844,C,4619
18:25:35.253640,C,4762
18:25:35.285641,C,4388
18:25:37.651281,B,2235
18:25:38.615575,A,4443
18:25:38.875804,A,3178
18:25:40.701910,C,4613
18:25:40.737777,C,4337
18:25:44.447761,A,3180
18:25:45.510460,A,2757
18:25:45.954272,A,2687
18:25:46.234006,C,4391
18:25:47.695995,B,1791
18:25:51.278879,C,4913
18:25:51.308239,C,4491
18:25:51.339824,C,4520
18:25:51.373996,C,4383
18:25:53.409260,B,2842
18:25:53.622879,B,2511
18:25:53.650500,B,2544
18:25:53.705603,B,2416
18:25:53.739946,B,2325
18:25:53.771299,B,2379
18:25:53.806096,B,2299
18:25:53.838184,B,2360
18:25:53.862622,B,2404
18:25:53.894226,B,2515
18:25:53.932949,B,2599
18:25:53.961052,B,2798
18:25:53.993962,B,2942
18:25:54.029147,B,3064
18:25:56.000713,A,2676
18:25:56.081998,A,2682
18:25:56.415799,C,4831
18:25:56.483905,C,4314
18:25:56.585157,C,4253
18:25:56.647493,C,4252
18:25:56.704011,C,4250
18:25:59.451915,B,2629
18:25:59.495884,B,2577
18:26:01.729102,C,4288
18:26:06.508944,A,2673
18:26:07.120270,C,4935
18:26:07.166030,C,4747
18:26:09.545927,B,2563
18:26:09.597509,B,2920
18:26:09.638670,B,2879
18:26:09.686021,B,2928
18:26:09.714106,B,2859
18:26:09.744317,B,2875
18:26:09.796501,B,2903
18:26:12.852324,C,4661
18:26:14.081614,C,4649
18:26:14.845003,B,2876
18:26:14.903960,B,2843
18:26:14.970408,B,2883
18:26:15.119630,C,4924
18:26:15.147144,C,4715
18:26:15.181988,C,4710
18:26:16.952520,A,2583
18:26:20.029394,B,2867
18:26:20.219750,C,4677
18:26:20.269721,C,4727
18:26:21.985355,A,2795
18:26:22.015575,A,2789
18:26:25.067251,B,2979
18:26:25.096444,B,2958
18:26:25.166047,B,2974
18:26:25.207695,B,2974
18:26:25.304938,C,4680
18:26:25.334256,C,4912
18:26:27.060025,A,2850
18:26:27.135729,A,2762
18:26:27.173695,A,2804
18:26:27.245248,A,2826
18:26:30.270819,B,2989
18:26:30.375945,C,4932
18:26:30.412923,C,4814
18:26:30.475858,C,4827
18:26:32.720130,A,2827
18:26:32.967993,A,3024
18:26:35.314675,B,2923
18:26:35.356174,B,2928
18:26:35.513091,C,4846
18:26:35.548950,C,5028
18:26:35.596161,C,4977
18:26:35.631764,C,4988
18:26:40.399190,B,2918
18:26:40.449018,B,2912
18:26:40.683029,C,5001
18:26:43.022356,A,2954
18:26:45.490009,B,2899
18:26:45.526851,B,2924
18:26:45.729749,C,4912
18:26:50.571389,B,2920
18:26:50.777173,C,4860
18:26:53.069164,A,2725
18:26:53.122076,A,2747
18:26:53.192528,A,2729
18:26:53.235667,A,2720
18:26:53.281461,A,2728
18:26:53.320047,A,2752
18:26:53.363919,A,2720
18:26:53.424264,A,2776
18:26:53.484182,A,2771
18:26:53.521898,A,2817
18:26:55.610635,B,2959
18:26:56.278892,C,4818
18:26:56.313235,C,4883
18:26:56.342729,C,4912
18:26:58.555852,A,2799
18:27:00.645944,B,2884
18:27:00.686822,B,2824
18:27:01.373477,C,4902
18:27:01.429334,C,5104
18:27:03.954469,A,2875
18:27:04.016378,A,2858
18:27:04.054978,A,2853
18:27:04.097057,A,2800
18:27:04.138826,A,2867
18:27:06.105933,B,2875
18:27:06.254394,B,2921
18:27:06.288227,B,2973
18:27:06.343717,B,2885
18:27:06.468775,C,5324
18:27:06.509901,C,4916
18:27:09.490018,A,2831
18:27:09.522010,A,3128
18:27:11.382362,B,2863
18:27:11.436293,B,2729
18:27:11.562334,C,4943
18:27:14.559253,A,3058
18:27:14.597795,A,2860
18:27:14.631339,A,2861
18:27:14.684082,A,2850
18:27:14.740155,A,2837
18:27:14.765569,A,2855
18:27:16.866988,C,4575
18:27:16.908930,C,5138
18:27:16.967393,C,5190
18:27:17.002646,C,5210
18:27:17.053603,C,5226
18:27:20.438081,A,2855
18:27:20.870005,A,2865
18:27:22.079733,B,2785
18:27:22.084982,C,4860
18:27:22.108320,B,2599
18:27:22.136066,B,2660
18:27:22.165121,B,2647
18:27:22.199377,B,2641
18:27:22.232898,B,2615
18:27:26.388210,A,2898
18:27:26.482097,A,2715
18:27:27.122811,C,4701
18:27:27.261515,B,2610
18:27:30.068364,C,4597
18:27:30.120426,C,4582
18:27:30.135058,B,3835
18:27:30.165475,C,4646
18:27:30.193639,C,4670
18:27:30.232432,C,4576
18:27:30.281651,C,4562
18:27:30.309769,C,4585
18:27:30.347244,C,4557
18:27:31.912296,A,2603
18:27:35.803500,B,2574
